arm,seed,run_dir,model_path,vecnorm_path,config_path,notes
s2_base,42,outputs_best/2025-12-06/17-36-50,outputs_best/2025-12-06/17-36-50/eval/best_model.zip,outputs_best/2025-12-06/17-36-50/vecnormalize_final.pkl,outputs_best/2025-12-06/17-36-50/.hydra/config.yaml,published first-paper S2 run
s2_base,43,outputs_camera_ready/s2_base/seed_43,outputs_camera_ready/s2_base/seed_43/eval/best_model.zip,outputs_camera_ready/s2_base/seed_43/vecnormalize_final.pkl,outputs_camera_ready/s2_base/seed_43/.hydra/config.yaml,new camera-ready seed
s2_base,44,outputs_camera_ready/s2_base/seed_44,outputs_camera_ready/s2_base/seed_44/eval/best_model.zip,outputs_camera_ready/s2_base/seed_44/vecnormalize_final.pkl,outputs_camera_ready/s2_base/seed_44/.hydra/config.yaml,new camera-ready seed
s2_base,45,outputs_camera_ready/s2_base/seed_45,outputs_camera_ready/s2_base/seed_45/eval/best_model.zip,outputs_camera_ready/s2_base/seed_45/vecnormalize_final.pkl,outputs_camera_ready/s2_base/seed_45/.hydra/config.yaml,new camera-ready seed
s2_base,46,outputs_camera_ready/s2_base/seed_46,outputs_camera_ready/s2_base/seed_46/eval/best_model.zip,outputs_camera_ready/s2_base/seed_46/vecnormalize_final.pkl,outputs_camera_ready/s2_base/seed_46/.hydra/config.yaml,new camera-ready seed
s2_world_frame_termination,42,outputs_camera_ready/s2_world_frame_termination/seed_42,outputs_camera_ready/s2_world_frame_termination/seed_42/eval/best_model.zip,outputs_camera_ready/s2_world_frame_termination/seed_42/vecnormalize_final.pkl,outputs_camera_ready/s2_world_frame_termination/seed_42/.hydra/config.yaml,termination training ablation
s2_world_frame_termination,43,outputs_camera_ready/s2_world_frame_termination/seed_43,outputs_camera_ready/s2_world_frame_termination/seed_43/eval/best_model.zip,outputs_camera_ready/s2_world_frame_termination/seed_43/vecnormalize_final.pkl,outputs_camera_ready/s2_world_frame_termination/seed_43/.hydra/config.yaml,termination training ablation
s2_world_frame_termination,44,outputs_camera_ready/s2_world_frame_termination/seed_44,outputs_camera_ready/s2_world_frame_termination/seed_44/eval/best_model.zip,outputs_camera_ready/s2_world_frame_termination/seed_44/vecnormalize_final.pkl,outputs_camera_ready/s2_world_frame_termination/seed_44/.hydra/config.yaml,termination training ablation
s2_world_frame_termination,45,outputs_camera_ready/s2_world_frame_termination/seed_45,outputs_camera_ready/s2_world_frame_termination/seed_45/eval/best_model.zip,outputs_camera_ready/s2_world_frame_termination/seed_45/vecnormalize_final.pkl,outputs_camera_ready/s2_world_frame_termination/seed_45/.hydra/config.yaml,termination training ablation
s2_world_frame_termination,46,outputs_camera_ready/s2_world_frame_termination/seed_46,outputs_camera_ready/s2_world_frame_termination/seed_46/eval/best_model.zip,outputs_camera_ready/s2_world_frame_termination/seed_46/vecnormalize_final.pkl,outputs_camera_ready/s2_world_frame_termination/seed_46/.hydra/config.yaml,termination training ablation
s2_no_shaping,42,outputs_camera_ready/s2_no_shaping/seed_42,outputs_camera_ready/s2_no_shaping/seed_42/eval/best_model.zip,outputs_camera_ready/s2_no_shaping/seed_42/vecnormalize_final.pkl,outputs_camera_ready/s2_no_shaping/seed_42/.hydra/config.yaml,reward-shaping training ablation
s2_no_shaping,43,outputs_camera_ready/s2_no_shaping/seed_43,outputs_camera_ready/s2_no_shaping/seed_43/eval/best_model.zip,outputs_camera_ready/s2_no_shaping/seed_43/vecnormalize_final.pkl,outputs_camera_ready/s2_no_shaping/seed_43/.hydra/config.yaml,reward-shaping training ablation
s2_no_shaping,44,outputs_camera_ready/s2_no_shaping/seed_44,outputs_camera_ready/s2_no_shaping/seed_44/eval/best_model.zip,outputs_camera_ready/s2_no_shaping/seed_44/vecnormalize_final.pkl,outputs_camera_ready/s2_no_shaping/seed_44/.hydra/config.yaml,reward-shaping training ablation
s2_no_shaping,45,outputs_camera_ready/s2_no_shaping/seed_45,outputs_camera_ready/s2_no_shaping/seed_45/eval/best_model.zip,outputs_camera_ready/s2_no_shaping/seed_45/vecnormalize_final.pkl,outputs_camera_ready/s2_no_shaping/seed_45/.hydra/config.yaml,reward-shaping training ablation
s2_no_shaping,46,outputs_camera_ready/s2_no_shaping/seed_46,outputs_camera_ready/s2_no_shaping/seed_46/eval/best_model.zip,outputs_camera_ready/s2_no_shaping/seed_46/vecnormalize_final.pkl,outputs_camera_ready/s2_no_shaping/seed_46/.hydra/config.yaml,reward-shaping training ablation
