arm,seed,episodes,success_rate,mean_reward,std_reward,mean_length,mean_max_step_reached,mean_final_x,run_dir
s2_base,42,100,92.0,15338.35950291018,3121.65139803767,936.44,7.6,12.21187064688813,outputs_best/2025-12-06/17-36-50
s2_base,43,100,47.0,14978.701981937886,2386.475849223044,957.48,7.07,7.205046658593993,outputs_camera_ready/s2_base/seed_43
s2_base,44,100,0.0,14758.872440650164,1722.519319537371,983.76,1.98,2.8472070523967004,outputs_camera_ready/s2_base/seed_44
s2_base,45,100,0.0,13419.618089112677,2794.6239686623976,892.6,1.57,2.969922835505354,outputs_camera_ready/s2_base/seed_45
s2_base,46,100,5.0,14829.851981831789,2136.951478483771,957.55,6.05,6.395876105729817,outputs_camera_ready/s2_base/seed_46
s2_no_shaping,42,100,83.0,13443.250828789354,5362.349363191006,849.31,6.71,8.061059981309484,outputs_camera_ready/s2_no_shaping/seed_42
s2_no_shaping,43,100,94.0,15436.605896512214,3117.015188705999,952.11,7.56,11.605378906633184,outputs_camera_ready/s2_no_shaping/seed_43
s2_no_shaping,44,100,76.0,13900.528742282615,3319.7002184966345,885.03,7.17,8.018688469417159,outputs_camera_ready/s2_no_shaping/seed_44
s2_no_shaping,45,100,72.0,15453.443785006404,876.8746849973395,990.45,7.66,7.825009020860677,outputs_camera_ready/s2_no_shaping/seed_45
s2_no_shaping,46,100,81.0,14243.102815293521,3223.126962958188,888.45,7.46,9.499570059230212,outputs_camera_ready/s2_no_shaping/seed_46
s2_world_frame_termination,42,100,13.0,13791.301241732985,3525.5083645406626,889.06,5.99,6.267354775503431,outputs_camera_ready/s2_world_frame_termination/seed_42
s2_world_frame_termination,43,100,0.0,14941.896022901536,27.522814836564407,1000.0,1.0,2.6129090280898817,outputs_camera_ready/s2_world_frame_termination/seed_43
s2_world_frame_termination,44,100,25.0,9782.93620817257,2464.6304433271357,610.6,5.84,6.344037142247092,outputs_camera_ready/s2_world_frame_termination/seed_44
s2_world_frame_termination,45,100,76.0,14284.827193027437,1737.5252223050088,907.94,7.59,7.593371870158942,outputs_camera_ready/s2_world_frame_termination/seed_45
s2_world_frame_termination,46,100,61.0,11232.267741151712,3425.8574974691696,702.23,6.75,7.266035403102104,outputs_camera_ready/s2_world_frame_termination/seed_46
