time/iterations,rollout/ep_len_mean,train/std,train/learning_rate,train/approx_kl,train/clip_fraction,rollout/ep_rew_mean,train/clip_range,train/policy_gradient_loss,train/explained_variance,train/value_loss,train/loss,time/total_timesteps,time/fps,time/time_elapsed,train/n_updates,train/entropy_loss,eval/mean_ep_length,eval/mean_reward
10,47.79,1.00099515914917,0.00025,0.0141389305,0.11368408203125,225.98171844,0.2,-0.015527837735135108,0.7014097571372986,0.3983048513531685,0.03161102533340454,163840,11716,13,90,-24.135703372955323,,
20,63.55,0.9961597323417664,0.00025,0.009533362,0.070440673828125,318.3531111599999,0.2,-0.014558556012343616,0.9041533470153809,0.1055215623229742,-0.09851393103599548,327680,11369,28,190,-24.057216358184814,,
30,76.85,0.9935982823371887,0.00025,0.010166813,0.08304443359375,389.76414832,0.2,-0.01556284649996087,0.932405948638916,0.07155795693397522,-0.1180250495672226,491520,11225,43,290,-23.99987163543701,,
40,87.01,0.992733895778656,0.00025,0.011065183,0.0845703125,432.22462369,0.2,-0.01511016880394891,0.9437505602836609,0.05814159512519836,-0.12133921682834625,655360,11140,58,390,-23.974338150024415,,
50,92.14,0.9960739016532898,0.00025,0.010772322,0.076251220703125,456.16390609999996,0.2,-0.015771806723205373,0.945697546005249,0.05498632304370403,-0.12540225684642792,819200,11099,73,490,-24.02663631439209,,
60,98.86,0.9972712397575378,0.00025,0.010936877,0.083203125,495.95191243,0.2,-0.017094478744547816,0.9479348659515381,0.05170004945248365,-0.12909500300884247,983040,11075,88,590,-24.03681583404541,,
70,105.57,0.9956094026565552,0.00025,0.010910044,0.086065673828125,531.44956792,0.2,-0.016447015921585262,0.9525403380393982,0.04817071203142405,-0.13007736206054688,1146880,11066,103,690,-24.003926086425782,,
80,120.41,0.9953043460845947,0.00025,0.013301146,0.1135498046875,605.0749529600001,0.2,-0.018686889053788035,0.9536982774734497,0.048411636427044866,-0.13118305802345276,1310720,11054,118,790,-23.997094058990477,,
90,129.71,0.9933615326881409,0.00025,0.013290541,0.100115966796875,652.7353252099999,0.2,-0.02003288920968771,0.9514415264129639,0.04884226657450199,-0.1350608617067337,1474560,10989,134,890,-23.944411754608154,,
100,138.99,0.9963939785957336,0.00025,0.013310612,0.1031982421875,706.9984842599999,0.2,-0.019823030882980673,0.9581566452980042,0.04310809373855591,-0.1386188417673111,1638400,10928,149,990,-23.981321239471434,,
110,158.25,0.9995680451393127,0.00025,0.013904465,0.11090087890625,818.85434058,0.2,-0.02177385943941772,0.9525146484375,0.04970116075128317,-0.1385362446308136,1802240,10857,165,1090,-24.022781085968017,,
120,164.95,1.0011718273162842,0.00025,0.013554949,0.11669921875,843.4326532599999,0.2,-0.02085895062191412,0.9518934488296509,0.04944761078804731,-0.1370444893836975,1966080,10812,181,1190,-24.039968013763428,,
,,1.0023282766342163,0.00025,0.013753673,0.10616455078125,,0.2,-0.02069017409812659,0.9513623714447021,0.04825842883437872,-0.13846203684806824,2000000,,,1220,-24.05888166427612,179.2,1008.6414589166641
130,182.14,1.0042908191680908,0.00025,0.014328473,0.11788330078125,938.9578432099999,0.2,-0.021468104689847677,0.9571992754936218,0.04238709770143032,-0.1410277932882309,2129920,10781,197,1290,-24.081637954711915,,
140,195.33,1.0078744888305664,0.00025,0.01380595,0.1171142578125,1007.4363920899999,0.2,-0.02166756590595469,0.9534236192703247,0.04527619294822216,-0.14197367429733276,2293760,10776,212,1390,-24.11919946670532,,
150,227.82,1.0102455615997314,0.00025,0.013896131,0.103253173828125,1178.90496839,0.2,-0.021706507506314664,0.9538199305534363,0.04121500588953495,-0.14446420967578888,2457600,10777,228,1490,-24.14588041305542,,
160,237.53,1.0117237567901611,0.00025,0.015144678,0.12032470703125,1233.42062992,0.2,-0.022069698432460427,0.9564257264137268,0.04157571010291576,-0.143154576420784,2621440,10768,243,1590,-24.163319492340086,,
170,295.3,1.0167180299758911,0.00025,0.014610143,0.122955322265625,1559.73125066,0.2,-0.021887997863814235,0.9485738277435303,0.0400003120303154,-0.1431325525045395,2785280,10763,258,1690,-24.23617868423462,,
180,317.09,1.0216346979141235,0.00025,0.014838099,0.1221923828125,1689.1755476100004,0.2,-0.022313947381917387,0.9436779022216797,0.041729394160211083,-0.14447563886642456,2949120,10763,273,1790,-24.288168048858644,,
190,387.76,1.0270758867263794,0.00025,0.015500195,0.1288330078125,2081.87630447,0.2,-0.022681543964426964,0.944812536239624,0.04122211039066315,-0.14612917602062225,3112960,10758,289,1890,-24.363001537322997,,
200,441.14,1.0295867919921875,0.00025,0.014941886,0.12530517578125,2383.34417624,0.2,-0.02141927273478359,0.9420230984687805,0.038205561228096485,-0.1462385654449463,3276800,10756,304,1990,-24.379820823669434,,
210,479.88,1.0315415859222412,0.00025,0.014435259,0.108935546875,2608.2819412,0.2,-0.021649475651793183,0.9398109316825867,0.03044526893645525,-0.1481178104877472,3440640,10755,319,2090,-24.40572061538696,,
220,593.1,1.0377535820007324,0.00025,0.014215717,0.11795654296875,3237.91412838,0.2,-0.021171386330388488,0.9426547884941101,0.02444226751103997,-0.15036803483963013,3604480,10756,335,2190,-24.490869808197022,,
230,690.31,1.043317437171936,0.00025,0.015333754,0.1205078125,3792.267664779999,0.2,-0.02217427359428257,0.9226408004760742,0.026524038799107075,-0.15319912135601044,3768320,10758,350,2290,-24.560255527496338,,
240,728.84,1.0510979890823364,0.00025,0.015967606,0.117144775390625,4039.976841310001,0.2,-0.02154424397740513,0.9377407431602478,0.01506682513281703,-0.15621787309646606,3932160,10766,365,2390,-24.67264919281006,,
,,1.0548791885375977,0.00025,0.017015047,0.1315185546875,,0.2,-0.02181035509565845,0.93586266040802,0.015269994176924229,-0.1574643850326538,4000000,,,2440,-24.719816303253175,1000.0,5732.489557524025
250,708.64,1.0586557388305664,0.00025,0.01618471,0.13009033203125,3927.7696304199985,0.2,-0.021304991480428727,0.9284816384315491,0.016782835870981217,-0.15479497611522675,4096000,10692,383,2490,-24.765500450134276,,
260,823.56,1.0693280696868896,0.00025,0.016339624,0.121435546875,4623.45565008,0.2,-0.02096787731279619,0.9003036022186279,0.010676610469818115,-0.15655004978179932,4259840,10698,398,2590,-24.913365268707274,,
270,778.34,1.0798567533493042,0.00025,0.016836885,0.1248779296875,4408.752774899999,0.2,-0.02130455564474687,0.9012669920921326,0.012545038294047118,-0.15890394151210785,4423680,10707,413,2690,-25.068203830718993,,
280,860.22,1.0937268733978271,0.00025,0.016157135,0.121380615234375,4885.59801196,0.2,-0.02135387392481789,0.9194565415382385,0.0104358424898237,-0.15825600922107697,4587520,10697,428,2790,-25.260370445251464,,
290,728.05,1.102636456489563,0.00025,0.017791893,0.129534912109375,4221.50880579,0.2,-0.022449547378346323,0.9033944606781006,0.016729613905772565,-0.158961683511734,4751360,10700,444,2890,-25.390999126434327,,
300,783.79,1.1075859069824219,0.00025,0.016413346,0.14462890625,4543.25617076,0.2,-0.021502843219786884,0.9058582782745361,0.017337663006037472,-0.15726275742053986,4915200,10704,459,2990,-25.45266809463501,,
310,765.04,1.1154392957687378,0.00025,0.016935507,0.12508544921875,4456.54087264,0.2,-0.023184691497590393,0.924492597579956,0.01602317877113819,-0.16365857422351837,5079040,10704,474,3090,-25.569904327392578,,
320,821.62,1.126238465309143,0.00025,0.016696788,0.1361083984375,4821.63678758,0.2,-0.021131052123382687,0.8699162006378174,0.009691391699016094,-0.16075293719768524,5242880,10703,489,3190,-25.713309383392335,,
330,805.57,1.136151909828186,0.00025,0.016092293,0.134234619140625,4792.371594980001,0.2,-0.019850911991670727,0.879535436630249,0.009852942940779031,-0.15961462259292603,5406720,10707,504,3290,-25.832942962646484,,
340,789.75,1.1453790664672852,0.00025,0.01659656,0.126214599609375,4689.07906039,0.2,-0.020375196321401744,0.9035307765007019,0.010050326399505139,-0.16165906190872192,5570560,10709,520,3390,-25.95083293914795,,
350,829.17,1.154191493988037,0.00025,0.015172877,0.1142333984375,4968.53751658,0.2,-0.020760075096040963,0.863003134727478,0.007563516194932163,-0.16337525844573975,5734400,10715,535,3490,-26.064556884765626,,
360,767.79,1.1651378870010376,0.00025,0.018794242,0.142620849609375,4619.920756629999,0.2,-0.023904307268094272,0.89993816614151,0.021329707000404596,-0.16415680944919586,5898240,10724,549,3590,-26.19665765762329,,
,,1.1714028120040894,0.00025,0.02458347,0.1376953125,,0.2,-0.021872433100361376,0.8648930191993713,0.013098440179601312,-0.1645241230726242,6000000,,,3660,-26.286704540252686,1000.0,6241.084674252197
370,809.01,1.1750335693359375,0.00025,0.016948424,0.123663330078125,4892.75309674,0.2,-0.0224486265971791,0.8712363243103027,0.010487406142055988,-0.167106494307518,6062080,10690,567,3690,-26.33822832107544,,
380,841.27,1.1856229305267334,0.00025,0.018411376,0.141339111328125,5111.63759418,0.2,-0.021959003270603718,0.8905815482139587,0.010825548274442553,-0.16508901119232178,6225920,10698,581,3790,-26.470955657958985,,
390,843.82,1.1975677013397217,0.00025,0.016619842,0.12178955078125,5171.0262761,0.2,-0.021457049733726308,0.9237802028656006,0.012143618008121849,-0.1661410927772522,6389760,10709,596,3890,-26.628167724609376,,
400,839.53,1.210750937461853,0.00025,0.018020585,0.129046630859375,5174.29198384,0.2,-0.02217423520050943,0.8921672105789185,0.0142386419698596,-0.16692966222763062,6553600,10715,611,3990,-26.792853927612306,,
410,782.3,1.222825050354004,0.00025,0.016888838,0.13328857421875,4847.7342708999995,0.2,-0.02129418512340635,0.8865222334861755,0.014523132285103203,-0.16531655192375183,6717440,10722,626,4090,-26.95567560195923,,
420,831.29,1.2343554496765137,0.00025,0.01912386,0.134783935546875,5207.84662258,0.2,-0.022286085761152208,0.8869813680648804,0.014410543069243432,-0.16830140352249146,6881280,10724,641,4190,-27.093983364105224,,
430,794.47,1.2488855123519897,0.00025,0.01810777,0.128326416015625,5001.57576932,0.2,-0.023499471275135873,0.8999946713447571,0.012844056589528918,-0.1727619618177414,7045120,10728,656,4290,-27.289296340942382,,
440,844.11,1.260683298110962,0.00025,0.017700374,0.11751708984375,5319.46534319,0.2,-0.021335271885618567,0.9103016257286072,0.012970531824976206,-0.16935765743255615,7208960,10733,671,4390,-27.44418830871582,,
450,842.31,1.277198314666748,0.00025,0.018063564,0.147210693359375,5336.493155110001,0.2,-0.02125758595066145,0.8808123469352722,0.01286273766309023,-0.16798172891139984,7372800,10733,686,4490,-27.63348503112793,,
460,826.86,1.288133144378662,0.00025,0.017144542,0.129388427734375,5257.65242818,0.2,-0.021499018161557616,0.8939071893692017,0.015190129075199366,-0.17010721564292908,7536640,10731,702,4590,-27.772458267211913,,
470,848.91,1.3028467893600464,0.00025,0.01684739,0.1163330078125,5422.78709069,0.2,-0.020286222593858837,0.8759724497795105,0.016178465262055398,-0.17013372480869293,7700480,10734,717,4690,-27.94312515258789,,
480,834.9,1.3207341432571411,0.00025,0.017047789,0.13245849609375,5374.655014670001,0.2,-0.020659156297915614,0.8574170470237732,0.012305098632350565,-0.17008931934833527,7864320,10740,732,4790,-28.15436201095581,,
,,1.3337122201919556,0.00025,0.016797872,0.129266357421875,,0.2,-0.02224506897618994,0.9303063154220581,0.010108978766947985,-0.17679037153720856,8000000,,,4880,-28.290270137786866,1000.0,6648.142161583901
490,862.21,1.3346835374832153,0.00025,0.018133316,0.134417724609375,5589.121521210001,0.2,-0.021292765240650623,0.8871431946754456,0.016539479792118072,-0.17113475501537323,8028160,10713,749,4890,-28.30019083023071,,
500,873.24,1.3488317728042603,0.00025,0.017046642,0.133074951171875,5715.98380803,0.2,-0.021628480713116006,0.8857553005218506,0.012670717993751168,-0.17405131459236145,8192000,10712,764,4990,-28.460896682739257,,
510,837.62,1.365252137184143,0.00025,0.019155577,0.139154052734375,5482.330780390002,0.2,-0.02086724217515439,0.906473696231842,0.00693947474937886,-0.17486026883125305,8355840,10714,779,5090,-28.650562858581544,,
520,830.89,1.3860938549041748,0.00025,0.019246606,0.137677001953125,5419.9216117900005,0.2,-0.022261287667788565,0.8698233366012573,0.013642501831054688,-0.17655049264431,8519680,10717,794,5190,-28.895589065551757,,
530,855.68,1.406460165977478,0.00025,0.017378014,0.128631591796875,5644.38715974,0.2,-0.019751008553430437,0.8804776668548584,0.010706713912077248,-0.17490597069263458,8683520,10718,810,5290,-29.115099716186524,,
540,795.14,1.4285049438476562,0.00025,0.018157952,0.13890380859375,5262.26826122,0.2,-0.021762927900999783,0.8693311810493469,0.017834736965596676,-0.17714083194732666,8847360,10723,825,5390,-29.36484260559082,,
550,842.53,1.4436795711517334,0.00025,0.018269222,0.12930908203125,5569.57997065,0.2,-0.0225296544842422,0.8591585159301758,0.01787699689157307,-0.1786956638097763,9011200,10728,839,5490,-29.539126300811766,,
560,860.07,1.4588587284088135,0.00025,0.019458067,0.143255615234375,5714.677123799999,0.2,-0.021642867615446447,0.8585301637649536,0.016914358455687763,-0.17784743010997772,9175040,10727,855,5590,-29.69855155944824,,
570,891.06,1.4766016006469727,0.00025,0.017644834,0.125897216796875,5975.579168800002,0.2,-0.021192366047762333,0.9020509719848633,0.007950523914769293,-0.1829349249601364,9338880,10724,870,5690,-29.88270664215088,,
580,850.15,1.4944384098052979,0.00025,0.019101167,0.132354736328125,5753.51968154,0.2,-0.023189967102371156,0.8653662800788879,0.01682037361897528,-0.18240946531295776,9502720,10721,886,5790,-30.065062046051025,,
590,839.61,1.511718511581421,0.00025,0.018018372,0.124224853515625,5709.115970600001,0.2,-0.021146579866763205,0.8917213082313538,0.014013094874098898,-0.1832984834909439,9666560,10724,901,5890,-30.238627338409422,,
600,808.71,1.5299420356750488,0.00025,0.01712397,0.12822265625,5524.574743509998,0.2,-0.0218235602020286,0.8877207040786743,0.023386664502322674,-0.18227548897266388,9830400,10729,916,5990,-30.400830078125,,
610,887.35,1.5460140705108643,0.00025,0.018306192,0.13758544921875,6086.724060920001,0.2,-0.022913946630433203,0.9157425165176392,0.01081829504109919,-0.18782271444797516,9994240,10736,930,6090,-30.55284490585327,,
,,1.5485278367996216,0.00025,0.01658531,0.124273681640625,,0.2,-0.021123183786403387,0.8973023891448975,0.007881225808523596,-0.1883953958749771,10000000,,,6100,-30.57677059173584,1000.0,7005.386400353908
620,830.73,1.5657622814178467,0.00025,0.01775197,0.14261474609375,5746.00037289,0.2,-0.022646963223814966,0.8747817277908325,0.018541508400812746,-0.18454857170581818,10158080,10714,948,6190,-30.739484596252442,,
630,842.17,1.5856468677520752,0.00025,0.018736407,0.14041748046875,5887.132361650001,0.2,-0.021734460385050624,0.8820382952690125,0.019276868691667913,-0.1829909235239029,10321920,10718,963,6290,-30.946525859832764,,
640,820.84,1.609370470046997,0.00025,0.019401198,0.145703125,5774.91716363,0.2,-0.022292528511025013,0.9030536413192749,0.01616051411256194,-0.18596118688583374,10485760,10724,977,6390,-31.171714878082277,,
650,866.61,1.6247401237487793,0.00025,0.018308496,0.152593994140625,6131.166675600001,0.2,-0.02081096915062517,0.8851205706596375,0.012266378430649639,-0.1856769174337387,10649600,10729,992,6490,-31.29322681427002,,
660,828.38,1.642276406288147,0.00025,0.02053906,0.14884033203125,5907.503326760001,0.2,-0.021838274085894227,0.8626930117607117,0.021253922674804925,-0.185835063457489,10813440,10725,1008,6590,-31.4561017036438,,
670,868.34,1.662479281425476,0.00025,0.019090902,0.135992431640625,6244.079307090001,0.2,-0.021186333248624577,0.8790711164474487,0.015104104252532124,-0.18931172788143158,10977280,10729,1023,6690,-31.634006881713866,,
680,836.06,1.6767535209655762,0.00025,0.020133749,0.14296875,6035.296711769998,0.2,-0.023222725687082856,0.8757335543632507,0.027973113395273686,-0.18763279914855957,11141120,10736,1037,6790,-31.77956304550171,,
690,848.11,1.6953418254852295,0.00025,0.017877245,0.141180419921875,6141.287579320001,0.2,-0.019307107012718917,0.8594915270805359,0.01323004886507988,-0.18713784217834473,11304960,10743,1052,6890,-31.947594356536865,,
700,831.6,1.7130802869796753,0.00025,0.018468834,0.143890380859375,6071.4961707699995,0.2,-0.020884146029129625,0.8677886724472046,0.02003485611639917,-0.18729709088802338,11468800,10750,1066,6990,-32.107214546203615,,
710,819.17,1.7383817434310913,0.00025,0.019230694,0.13548583984375,6022.2758890899995,0.2,-0.021020708582364024,0.8495100140571594,0.02450950862839818,-0.18712110817432404,11632640,10754,1081,7090,-32.32214908599853,,
720,804.97,1.7605565786361694,0.00025,0.017926019,0.143798828125,5940.687057520001,0.2,-0.01957440537516959,0.8709846138954163,0.017858674610033633,-0.18912942707538605,11796480,10754,1096,7190,-32.505164527893065,,
730,794.53,1.7862731218338013,0.00025,0.018471524,0.1351806640625,5869.2144371,0.2,-0.0213930438272655,0.84776771068573,0.021823340002447365,-0.19373711943626404,11960320,10761,1111,7290,-32.72100620269775,,
,,1.7905398607254028,0.00025,0.021388263,0.148797607421875,,0.2,-0.022516535385511814,0.8545165657997131,0.031174803059548138,-0.18844331800937653,12000000,,,7320,-32.751353073120114,1000.0,7602.708290079236
740,869.19,1.8025275468826294,0.00025,0.018595101,0.1398193359375,6455.65577951,0.2,-0.021606982429511846,0.8808208703994751,0.015725817857310177,-0.1969955414533615,12124160,10747,1128,7390,-32.86392707824707,,
750,784.35,1.8268359899520874,0.00025,0.019737229,0.13992919921875,5845.462122149999,0.2,-0.02255031622480601,0.8656550645828247,0.032059617713093756,-0.1923181414604187,12288000,10752,1142,7490,-33.045234489440915,,
760,820.46,1.8501912355422974,0.00025,0.01897719,0.137530517578125,6146.1058262999995,0.2,-0.021934020129265264,0.8483254909515381,0.021871570497751236,-0.1942366510629654,12451840,10762,1156,7590,-33.218981170654295,,
770,849.25,1.8651096820831299,0.00025,0.018562175,0.13336181640625,6373.8655854300005,0.2,-0.020951385353691877,0.8717839121818542,0.012424712348729373,-0.1965576410293579,12615680,10771,1171,7690,-33.338167381286624,,
780,796.84,1.8834493160247803,0.00025,0.01918221,0.13741455078125,6004.25731449,0.2,-0.02054129511816427,0.8074370622634888,0.024674544110894203,-0.1912563145160675,12779520,10780,1185,7790,-33.45887718200684,,
790,782.54,1.9084876775741577,0.00025,0.021220995,0.143939208984375,5945.2222277,0.2,-0.02180621729930863,0.7976332306861877,0.025550253968685866,-0.19441236555576324,12943360,10790,1199,7890,-33.651276206970216,,
800,786.41,1.9227956533432007,0.00025,0.018163946,0.13525390625,5994.256974050001,0.2,-0.021298673120327294,0.8783733248710632,0.020402275025844574,-0.19665321707725525,13107200,10799,1213,7990,-33.756516456604004,,
810,832.8,1.947092890739441,0.00025,0.0187299,0.142474365234375,6372.162795140001,0.2,-0.02058832410839386,0.8785144090652466,0.014497492136433721,-0.19935007393360138,13271040,10809,1227,8090,-33.95990104675293,,
820,778.58,1.9641389846801758,0.00025,0.02155253,0.148846435546875,5963.322734400001,0.2,-0.02226428746362217,0.8640013933181763,0.03439320363104344,-0.19516777992248535,13434880,10817,1241,8190,-34.094879722595216,,
830,793.79,1.9860132932662964,0.00025,0.018495599,0.14473876953125,6135.35002186,0.2,-0.021132316789589822,0.8506845235824585,0.026561159081757067,-0.19554588198661804,13598720,10827,1255,8290,-34.243522834777835,,
840,845.23,2.0023279190063477,0.00025,0.018988302,0.130023193359375,6530.667340880002,0.2,-0.021102305606473238,0.8162641525268555,0.019000666262581945,-0.20138069987297058,13762560,10835,1270,8390,-34.33680038452148,,
850,835.65,2.029064893722534,0.00025,0.019551093,0.14293212890625,6492.714680340001,0.2,-0.021397294464986772,0.82720547914505,0.02067787302657962,-0.20169100165367126,13926400,10844,1284,8490,-34.52994842529297,,
,,2.0416367053985596,0.00025,0.02088115,0.147296142578125,,0.2,-0.020514124014880508,0.8233682513237,0.01731767263263464,-0.20094330608844757,14000000,,,8540,-34.63411197662354,1000.0,8164.969500768185
860,834.6,2.0543723106384277,0.00025,0.018667199,0.13662109375,6537.1518413600015,0.2,-0.019441318116150796,0.789727509021759,0.023858363460749387,-0.1982700228691101,14090240,10833,1300,8590,-34.725044631958006,,
870,788.65,2.075336456298828,0.00025,0.01935142,0.140869140625,6170.93888713,0.2,-0.019468744285404682,0.8485473394393921,0.01771779786795378,-0.200238898396492,14254080,10841,1314,8690,-34.87045154571533,,
880,835.17,2.0979909896850586,0.00025,0.019695688,0.14476318359375,6568.90526196,0.2,-0.02182387189823203,0.8258346319198608,0.02512912657111883,-0.2012042999267578,14417920,10850,1328,8790,-35.03618850708008,,
890,841.15,2.1190342903137207,0.00025,0.020197853,0.136566162109375,6627.062994510001,0.2,-0.01957593752304092,0.7811532616615295,0.019029381638392805,-0.2024109810590744,14581760,10858,1342,8890,-35.17884693145752,,
900,849.35,2.1424460411071777,0.00025,0.019834077,0.13985595703125,6735.2670752899985,0.2,-0.021127853624057023,0.8100746870040894,0.024787157867103816,-0.2024809718132019,14745600,10866,1357,8990,-35.34020309448242,,
910,796.18,2.165379762649536,0.00025,0.019890612,0.15609130859375,6326.183795170001,0.2,-0.01983304655877873,0.8041527271270752,0.0309638692997396,-0.19964347779750824,14909440,10873,1371,9090,-35.494658851623534,,
920,857.21,2.1877481937408447,0.00025,0.0175642,0.14176025390625,6836.256903109998,0.2,-0.017957539833150803,0.7356310486793518,0.017018996877595782,-0.2014198899269104,15073280,10881,1385,9190,-35.639788436889646,,
930,796.81,2.210026979446411,0.00025,0.02039979,0.154388427734375,6348.40991264,0.2,-0.021768187056295574,0.8782234787940979,0.027077118307352065,-0.20306971669197083,15237120,10888,1399,9290,-35.79975128173828,,
940,863.93,2.240581750869751,0.00025,0.017812217,0.134930419921875,6914.707659580001,0.2,-0.020624543027952313,0.8387290835380554,0.013412078097462653,-0.20975196361541748,15400960,10895,1413,9390,-35.9719820022583,,
950,803.86,2.273676633834839,0.00025,0.019513149,0.141845703125,6415.852456500001,0.2,-0.022094915981870144,0.8812382817268372,0.028640017937868835,-0.20839756727218628,15564800,10902,1427,9490,-36.18254089355469,,
960,847.79,2.302794933319092,0.00025,0.017544063,0.131219482421875,6866.448805359999,0.2,-0.019851909740827976,0.8445451259613037,0.02344370260834694,-0.20450051128864288,15728640,10908,1441,9590,-36.37992191314697,,
970,768.26,2.328385829925537,0.00025,0.019265648,0.14111328125,6217.88215857,0.2,-0.02114285538555123,0.8324064612388611,0.029859017953276633,-0.20721404254436493,15892480,10917,1455,9690,-36.54015254974365,,
,,2.352426052093506,0.00025,0.019034121,0.1682373046875,,0.2,-0.02055719926720485,0.8133237957954407,0.027474579121917485,-0.20606817305088043,16000000,,,9760,-36.681987571716306,1000.0,8353.54932242632
980,820.63,2.3632664680480957,0.00025,0.018495932,0.130450439453125,6622.394384000001,0.2,-0.01900913054123521,0.8442281484603882,0.019879003707319497,-0.20763622224330902,16056320,10912,1471,9790,-36.7453088760376,,
990,893.92,2.386326789855957,0.00025,0.018785033,0.14013671875,7228.3361708,0.2,-0.019290900381747633,0.8459977507591248,0.018913483526557685,-0.20891602337360382,16220160,10921,1485,9890,-36.88935928344726,,
1000,847.47,2.412087917327881,0.00025,0.020290334,0.1472900390625,6895.640914079999,0.2,-0.022639961808454245,0.8697052001953125,0.025673428922891615,-0.21375562250614166,16384000,10924,1499,9990,-37.03948783874512,,
1010,834.6,2.4493656158447266,0.00025,0.018718388,0.1447265625,6816.06167102,0.2,-0.01892594831297174,0.7754693627357483,0.01654675416648388,-0.21223574876785278,16547840,10927,1514,10090,-37.273393630981445,,
1020,783.91,2.480074882507324,0.00025,0.020182159,0.13968505859375,6414.46211631,0.2,-0.020095719676464795,0.8156543970108032,0.025408706348389386,-0.21172460913658142,16711680,10932,1528,10190,-37.45292587280274,,
1030,762.72,2.515348434448242,0.00025,0.020762485,0.15960693359375,6244.987633290001,0.2,-0.02115581298712641,0.8493447303771973,0.029508317820727825,-0.2129703313112259,16875520,10935,1543,10290,-37.66311454772949,,
1040,764.78,2.5470523834228516,0.00025,0.01843771,0.133343505859375,6310.6026535400015,0.2,-0.019833405455574393,0.8479444980621338,0.023910573031753302,-0.21205338835716248,17039360,10939,1557,10390,-37.84121723175049,,
1050,760.17,2.5815906524658203,0.00025,0.019679528,0.145965576171875,6268.94869357,0.2,-0.022239807713776826,0.8533852696418762,0.02088368982076645,-0.22000011801719666,17203200,10944,1571,10490,-38.0514476776123,,
1060,761.78,2.6128382682800293,0.00025,0.019527055,0.152362060546875,6281.90203584,0.2,-0.021461174392607064,0.8211685419082642,0.031802198942750694,-0.21457643806934357,17367040,10948,1586,10590,-38.23318004608154,,
1070,805.77,2.6423375606536865,0.00025,0.017278876,0.13580322265625,6693.250440809999,0.2,-0.02065686109708622,0.8961765170097351,0.02535261632874608,-0.21676801145076752,17530880,10948,1601,10690,-38.37748031616211,,
1080,821.82,2.6697754859924316,0.00025,0.02089785,0.150994873046875,6823.838374110001,0.2,-0.022547949641011655,0.8324168920516968,0.030136564280837774,-0.21749933063983917,17694720,10949,1616,10790,-38.52678031921387,,
1090,875.27,2.7114369869232178,0.00025,0.020157183,0.145611572265625,7285.41389927,0.2,-0.020818687835708262,0.8530222773551941,0.021134722512215376,-0.2187919169664383,17858560,10949,1631,10890,-38.74767532348633,,
,,2.7475361824035645,0.00025,0.017031197,0.14046630859375,,0.2,-0.020723906357306986,0.7999626994132996,0.019683554675430058,-0.22190260887145996,18000000,,,10980,-38.93388366699219,1000.0,8798.63028862402
1100,853.9,2.7501184940338135,0.00025,0.020739865,0.132537841796875,7139.417704889999,0.2,-0.020259517629165204,0.8171316981315613,0.01961727486923337,-0.2216218113899231,18022400,10938,1647,10990,-38.945797538757326,,
1110,797.14,2.7880120277404785,0.00025,0.019653318,0.1353759765625,6674.00339921,0.2,-0.019487064355053006,0.8080059289932251,0.023483759071677924,-0.22003595530986786,18186240,10942,1662,11090,-39.16464424133301,,
1120,841.94,2.817960500717163,0.00025,0.020457026,0.14019775390625,7041.827761559998,0.2,-0.020083884010091424,0.8447867035865784,0.023999982792884112,-0.21942530572414398,18350080,10946,1676,11190,-39.30111808776856,,
1130,818.1,2.849914073944092,0.00025,0.019291846,0.152545166015625,6907.117389360001,0.2,-0.01929523057769984,0.8206023573875427,0.02184205180965364,-0.22173966467380524,18513920,10950,1690,11290,-39.46081199645996,,
1140,796.0,2.8780996799468994,0.00025,0.018791834,0.15548095703125,6728.978915990001,0.2,-0.019274159014457837,0.7897310256958008,0.024708441458642483,-0.22009479999542236,18677760,10953,1705,11390,-39.612647438049315,,
1150,764.26,2.913053512573242,0.00025,0.021755563,0.159783935546875,6468.431010720001,0.2,-0.021517505252268164,0.7699560523033142,0.03999636871740222,-0.2212049812078476,18841600,10957,1719,11490,-39.78147296905517,,
1160,855.88,2.944847345352173,0.00025,0.018302355,0.146343994140625,7245.705808369999,0.2,-0.01845960795180872,0.8335539102554321,0.012497164681553841,-0.22460582852363586,19005440,10961,1733,11590,-39.91709232330322,,
1170,846.76,2.97517991065979,0.00025,0.018819261,0.121429443359375,7182.874159540001,0.2,-0.02033414029283449,0.8787412047386169,0.018295397609472276,-0.22781431674957275,19169280,10965,1748,11690,-40.0512617111206,,
1180,864.47,3.0196614265441895,0.00025,0.017650533,0.134552001953125,7369.83151588,0.2,-0.01933209311682731,0.7861420512199402,0.021636368613690136,-0.22521068155765533,19333120,10969,1762,11790,-40.27910804748535,,
1190,823.49,3.053617238998413,0.00025,0.018121686,0.13951416015625,7033.902852130001,0.2,-0.020837313705123962,0.8365120887756348,0.016263726726174356,-0.23119384050369263,19496960,10973,1776,11890,-40.448356819152835,,
1200,852.28,3.078484296798706,0.00025,0.01911879,0.148321533203125,7324.89036592,0.2,-0.02003549488144927,0.8191664814949036,0.027427533734589817,-0.2244568020105362,19660800,10976,1791,11990,-40.545755577087405,,
1210,809.89,3.120469093322754,0.00025,0.020601109,0.14954833984375,6981.547687029999,0.2,-0.02113336098846048,0.8270182609558105,0.032987885735929014,-0.2258269339799881,19824640,10980,1805,12090,-40.74041862487793,,
1220,785.75,3.1571767330169678,0.00025,0.02087828,0.14683837890625,6800.651024509999,0.2,-0.023477800108958037,0.815761923789978,0.04072344871237874,-0.22943705320358276,19988480,10983,1819,12190,-40.89950447082519,,
,,3.159939765930176,0.00025,0.019631032,0.146435546875,,0.2,-0.020817449665628374,0.8258339166641235,0.022331520356237887,-0.23187117278575897,20000000,,,12200,-40.92014026641846,1000.0,9051.971559870057
1230,738.64,3.187469005584717,0.00025,0.017843027,0.152508544921875,6360.761399760001,0.2,-0.02205493194051087,0.8202784061431885,0.0367956081405282,-0.22910569608211517,20152320,10972,1836,12290,-41.06428470611572,,
1240,808.19,3.2261712551116943,0.00025,0.02050373,0.144732666015625,7032.662829480001,0.2,-0.020557244057999923,0.8366485834121704,0.02567540090531111,-0.23145699501037598,20316160,10973,1851,12390,-41.2325834274292,,
1250,851.38,3.2654647827148438,0.00025,0.019359943,0.148681640625,7453.6815166199995,0.2,-0.020940009388141334,0.8482688665390015,0.022072611935436727,-0.23302088677883148,20480000,10972,1866,12490,-41.39849491119385,,
1260,804.69,3.311516761779785,0.00025,0.017032247,0.15423583984375,7032.22005933,0.2,-0.020244519808329642,0.8256219029426575,0.021261055674403905,-0.23495259881019592,20643840,10973,1881,12590,-41.587625885009764,,
1270,825.18,3.3492133617401123,0.00025,0.018027112,0.162451171875,7221.9506233,0.2,-0.018211967195384204,0.7908812761306763,0.023958810791373252,-0.22873616218566895,20807680,10975,1895,12690,-41.743791580200195,,
1280,810.91,3.3895318508148193,0.00025,0.017191047,0.1278564453125,7136.61443643,0.2,-0.019059604371432216,0.796984851360321,0.031192936282604933,-0.23063309490680695,20971520,10975,1910,12790,-41.91276512145996,,
1290,803.81,3.4419636726379395,0.00025,0.018060666,0.145806884765625,7092.53707056,0.2,-0.019725858792662622,0.8164035677909851,0.03332838648930192,-0.23171371221542358,21135360,10976,1925,12890,-42.137088012695315,,
1300,812.82,3.485806941986084,0.00025,0.017872807,0.1354736328125,7180.187787170001,0.2,-0.01968045411631465,0.8319735527038574,0.02015720456838608,-0.2360636591911316,21299200,10979,1939,12990,-42.31260509490967,,
1310,764.63,3.5127127170562744,0.00025,0.019382738,0.145452880859375,6800.62483365,0.2,-0.022282714699395002,0.8469836711883545,0.02620067782700062,-0.2390894591808319,21463040,10981,1954,13090,-42.43543186187744,,
1320,750.72,3.555002212524414,0.00025,0.020255681,0.148272705078125,6665.8370749000005,0.2,-0.02270699889631942,0.7908398509025574,0.05589150208979845,-0.2283497154712677,21626880,10983,1969,13190,-42.61713581085205,,
1330,750.98,3.5923211574554443,0.00025,0.016619597,0.14381103515625,6663.97215985,0.2,-0.019787131459452212,0.8019450306892395,0.02327744523063302,-0.24043725430965424,21790720,10985,1983,13290,-42.774515533447264,,
1340,772.41,3.640909433364868,0.00025,0.020438304,0.160455322265625,6892.54696754,0.2,-0.02017447375692427,0.7761136293411255,0.03657445218414068,-0.23361079394817352,21954560,10988,1997,13390,-43.00430126190186,,
,,3.655714273452759,0.00025,0.019245759,0.159112548828125,,0.2,-0.019887510873377322,0.7654531598091125,0.0293199734762311,-0.23751860857009888,22000000,,,13420,-43.0497013092041,1000.0,9246.030688733235
1350,789.49,3.6877503395080566,0.00025,0.017455999,0.14642333984375,7038.98177473,0.2,-0.01836053601000458,0.784557044506073,0.03241417082026601,-0.2329586148262024,22118400,10980,2014,13490,-43.16559658050537,,
1360,797.34,3.7397844791412354,0.00025,0.021202404,0.146783447265625,7155.032374540002,0.2,-0.02185103747760877,0.8046903610229492,0.04251517066732049,-0.23999206721782684,22282240,10984,2028,13590,-43.40208492279053,,
1370,781.37,3.804600477218628,0.00025,0.019189224,0.142913818359375,6991.2677048199985,0.2,-0.022355029068421572,0.830917477607727,0.03248730627819896,-0.24346888065338135,22446080,10985,2043,13690,-43.612135314941405,,
1380,781.87,3.8648741245269775,0.00025,0.018983362,0.1486328125,6988.78323051,0.2,-0.02137022096430883,0.8202598690986633,0.030958938878029585,-0.24380473792552948,22609920,10984,2058,13790,-43.821341323852536,,
1390,792.55,3.9246408939361572,0.00025,0.021349207,0.151806640625,7087.320826470002,0.2,-0.021332632028497757,0.7798133492469788,0.04016426531597972,-0.23807398974895477,22773760,10981,2073,13890,-44.017856407165525,,
1400,827.05,3.970547914505005,0.00025,0.018737603,0.140692138671875,7463.04829226,0.2,-0.020415948843583463,0.7969608306884766,0.021349670737981795,-0.24713262915611267,22937600,10979,2089,13990,-44.20018615722656,,
1410,820.09,4.019639015197754,0.00025,0.019359399,0.139788818359375,7392.6786581199985,0.2,-0.018787515978328884,0.7342967987060547,0.031134719401597975,-0.23945888876914978,23101440,10981,2103,14090,-44.390473175048825,,
1420,818.46,4.07004451751709,0.00025,0.018861061,0.13553466796875,7407.4629761,0.2,-0.020256547559984028,0.8049725890159607,0.04132723119109869,-0.24188001453876495,23265280,10983,2118,14190,-44.57043399810791,,
1430,787.73,4.126529216766357,0.00025,0.020178435,0.15687255859375,7102.42659096,0.2,-0.022245275822933765,0.8038278818130493,0.054323142394423485,-0.2407989650964737,23429120,10984,2132,14290,-44.75034523010254,,
1440,811.82,4.179659843444824,0.00025,0.018859,0.13643798828125,7379.10480433,0.2,-0.019441487384028733,0.8229900598526001,0.03076824313029647,-0.245553120970726,23592960,10983,2147,14390,-44.93553237915039,,
1450,874.17,4.234689235687256,0.00025,0.018171351,0.140887451171875,7983.557467250001,0.2,-0.018889465800020842,0.6306921243667603,0.015166764939203858,-0.25124940276145935,23756800,10983,2162,14490,-45.137260818481444,,
1460,810.56,4.28415060043335,0.00025,0.019941926,0.149371337890625,7398.331340109999,0.2,-0.017265546263661235,0.7794589996337891,0.02461427990347147,-0.24592506885528564,23920640,10986,2177,14590,-45.31211261749267,,
,,4.314540386199951,0.00025,0.018361956,0.140618896484375,,0.2,-0.018641437322366984,0.7940771579742432,0.024648843612521888,-0.24718214571475983,24000000,,,14640,-45.416731452941896,1000.0,9625.996040654183
1470,872.44,4.349640846252441,0.00025,0.01982963,0.1333251953125,7982.9315982299995,0.2,-0.017771733738482,0.7799007892608643,0.01896875221282244,-0.24825213849544525,24084480,10978,2193,14690,-45.50549259185791,,
1480,801.24,4.3903961181640625,0.00025,0.02058522,0.151019287109375,7295.215761799998,0.2,-0.02005716054700315,0.7074154615402222,0.029822864290326833,-0.24998021125793457,24248320,10978,2208,14790,-45.68948745727539,,
1490,819.08,4.43224573135376,0.00025,0.018493813,0.131317138671875,7480.75869575,0.2,-0.019155222771223633,0.7913784980773926,0.024404841102659704,-0.2515958249568939,24412160,10978,2223,14890,-45.8396032333374,,
1500,803.94,4.483613967895508,0.00025,0.018169986,0.14024658203125,7333.7811276699995,0.2,-0.01858148375758901,0.7821460962295532,0.024656829051673414,-0.24993428587913513,24576000,10979,2238,14990,-45.993727684020996,,
1510,823.65,4.561787128448486,0.00025,0.018918341,0.151837158203125,7558.74235757,0.2,-0.01875489824451506,0.7398940324783325,0.0378242202103138,-0.24897418916225433,24739840,10981,2252,15090,-46.25263271331787,,
1520,827.99,4.610754013061523,0.00025,0.017165363,0.1484130859375,7559.089444840001,0.2,-0.01841094152186997,0.7837814688682556,0.02592602726072073,-0.2526792883872986,24903680,10984,2267,15190,-46.382347869873044,,
1530,843.62,4.667312145233154,0.00025,0.019425374,0.141473388671875,7759.367557,0.2,-0.019501616118941457,0.7979004383087158,0.032219670433551076,-0.25334373116493225,25067520,10986,2281,15290,-46.56037826538086,,
1540,812.5,4.734498023986816,0.00025,0.017372504,0.134332275390625,7467.0878599299995,0.2,-0.019956339383497834,0.819621205329895,0.02774523478001356,-0.257779061794281,25231360,10989,2296,15390,-46.75099430084229,,
1550,881.48,4.810693740844727,0.00025,0.018848881,0.148175048828125,8158.139247629999,0.2,-0.018557545071234926,0.7708365321159363,0.025038477685302495,-0.25397560000419617,25395200,10991,2310,15490,-46.95574398040772,,
1560,820.3,4.865257740020752,0.00025,0.01810093,0.1404052734375,7574.854475280001,0.2,-0.01891881946939975,0.7696635723114014,0.02175534553825855,-0.2602536082267761,25559040,10992,2325,15590,-47.09963092803955,,
1570,794.45,4.931758403778076,0.00025,0.019633058,0.14610595703125,7318.5626898599985,0.2,-0.02027380035724491,0.8480780124664307,0.028727648966014385,-0.2591840624809265,25722880,10991,2340,15690,-47.28977451324463,,
1580,746.01,5.001294136047363,0.00025,0.020183686,0.147528076171875,6834.028205590002,0.2,-0.02144559359876439,0.815647304058075,0.03036689842119813,-0.26227521896362305,25886720,10991,2355,15790,-47.48962268829346,,
,,5.049904823303223,0.00025,0.019410042,0.147052001953125,,0.2,-0.018088279792573304,0.7099174857139587,0.02561326967552304,-0.2585926353931427,26000000,,,15860,-47.60981712341309,1000.0,9502.929440271855
1590,848.54,5.075927734375,0.00025,0.02071573,0.163702392578125,7856.49259025,0.2,-0.02042434811592102,0.7487142086029053,0.030458291247487067,-0.25960925221443176,26050560,10981,2372,15890,-47.67791233062744,,
1600,798.81,5.152507305145264,0.00025,0.018607914,0.13958740234375,7326.67559372,0.2,-0.019547144346870483,0.804763674736023,0.02954496620222926,-0.26073160767555237,26214400,10981,2387,15990,-47.889651679992674,,
1610,761.44,5.1886749267578125,0.00025,0.019496728,0.151531982421875,6987.584155539999,0.2,-0.02013488275697455,0.8354861736297607,0.02519973311573267,-0.2632491886615753,26378240,10982,2401,16090,-48.00523128509521,,
1620,749.05,5.246550559997559,0.00025,0.020423014,0.160504150390625,6859.45019984,0.2,-0.021943756710970774,0.8188391327857971,0.05021545123308897,-0.25720661878585815,26542080,10984,2416,16190,-48.17359962463379,,
1630,806.08,5.307918071746826,0.00025,0.018576153,0.141607666015625,7429.19506233,0.2,-0.01912763401051052,0.8043245673179626,0.030760227981954814,-0.2604762315750122,26705920,10985,2430,16290,-48.328982543945315,,
1640,827.48,5.408707618713379,0.00025,0.019456405,0.136798095703125,7604.732527709999,0.2,-0.019677625386975706,0.825437068939209,0.022136148251593112,-0.2675487995147705,26869760,10987,2445,16390,-48.572829246520996,,
1650,796.39,5.456871509552002,0.00025,0.019958932,0.151837158203125,7324.286748470002,0.2,-0.02175963771296665,0.7421448230743408,0.04470087382942438,-0.26173675060272217,27033600,10990,2459,16490,-48.682047271728514,,
1660,806.28,5.536733150482178,0.00025,0.020518877,0.154180908203125,7440.611105040001,0.2,-0.019537420512642713,0.8188155889511108,0.031451106444001196,-0.2635112702846527,27197440,10993,2473,16590,-48.841800117492674,,
1670,797.47,5.599057197570801,0.00025,0.02028298,0.146136474609375,7366.564012749998,0.2,-0.020887964533176272,0.876890242099762,0.0267575959675014,-0.2699999213218689,27361280,10997,2488,16690,-49.00624771118164,,
1680,797.04,5.672497272491455,0.00025,0.017385397,0.1416015625,7371.774081049999,0.2,-0.019122399366460742,0.8004316091537476,0.02265894003212452,-0.26761960983276367,27525120,11000,2502,16790,-49.17785568237305,,
1690,823.01,5.737759590148926,0.00025,0.017856166,0.14130859375,7624.8503116,0.2,-0.020471549761714412,0.8294453620910645,0.030592139065265655,-0.26811715960502625,27688960,11004,2516,16890,-49.32589473724365,,
1700,832.69,5.827147960662842,0.00025,0.017415786,0.145660400390625,7689.784924039999,0.2,-0.019176395132672042,0.8577380180358887,0.018464008765295147,-0.27366843819618225,27852800,11007,2530,16990,-49.55697612762451,,
,,5.890255928039551,0.00025,0.018878708,0.136407470703125,,0.2,-0.018291327450424433,0.7524471879005432,0.02707200003787875,-0.2683347165584564,28000000,,,17080,-49.714950752258304,1000.0,9682.904657047988
1710,840.58,5.895869731903076,0.00025,0.020232849,0.15867919921875,7772.707356010002,0.2,-0.019549341732636095,0.7251558899879456,0.034413480386137965,-0.2685927748680115,28016640,11000,2546,17090,-49.730703353881836,,
1720,760.94,5.971842288970947,0.00025,0.019484453,0.141302490234375,7025.647648859999,0.2,-0.020110042800661178,0.8352721929550171,0.03351080333814025,-0.27241846919059753,28180480,11004,2560,17190,-49.925551414489746,,
1730,805.65,6.042081832885742,0.00025,0.019035319,0.14212646484375,7423.389426659999,0.2,-0.020372683135792612,0.8542804718017578,0.022880718111991882,-0.2754417657852173,28344320,11007,2575,17290,-50.10288619995117,,
1740,877.46,6.128483295440674,0.00025,0.016608542,0.13114013671875,8148.715893600001,0.2,-0.015238575276453049,0.8013343214988708,0.011935843527317047,-0.27054452896118164,28508160,11010,2589,17390,-50.28923454284668,,
1750,774.79,6.2010931968688965,0.00025,0.017405951,0.153863525390625,7179.956964499999,0.2,-0.0206214313977398,0.7929984331130981,0.03412235518917441,-0.27421513199806213,28672000,11013,2603,17490,-50.48179969787598,,
1760,835.66,6.258998394012451,0.00025,0.01658142,0.12625732421875,7748.31488919,0.2,-0.01764990664087236,0.8554804921150208,0.010713426535949111,-0.27733591198921204,28835840,11016,2617,17590,-50.61919479370117,,
1770,764.85,6.332531929016113,0.00025,0.018640995,0.1310546875,7089.902246870001,0.2,-0.019893838674761355,0.8170916438102722,0.038867910578846934,-0.2739188075065613,28999680,11019,2631,17690,-50.78827724456787,,
1780,810.12,6.429900169372559,0.00025,0.018256284,0.14058837890625,7534.566681580001,0.2,-0.0194835402071476,0.8122615814208984,0.024691269639879464,-0.2777179479598999,29163520,11022,2645,17790,-50.996008491516115,,
1790,698.11,6.524977684020996,0.00025,0.018522512,0.14833984375,6464.536263629998,0.2,-0.019443030457478017,0.7817894220352173,0.03698598723858595,-0.27420055866241455,29327360,11025,2660,17890,-51.216223335266115,,
1800,759.02,6.632308006286621,0.00025,0.017956682,0.129638671875,7002.57326434,0.2,-0.018900343065615742,0.7886422872543335,0.036164761427789925,-0.27499818801879883,29491200,11027,2674,17990,-51.41251277923584,,
1810,827.48,6.7094244956970215,0.00025,0.019184388,0.14075927734375,7708.095463449999,0.2,-0.018025925441179425,0.7633999586105347,0.030793798621743917,-0.2750941216945648,29655040,11030,2688,18090,-51.5917366027832,,
1820,791.8,6.806912899017334,0.00025,0.017499216,0.127215576171875,7364.446683859998,0.2,-0.01973610232817009,0.8681124448776245,0.012738651456311345,-0.28579336404800415,29818880,11033,2702,18190,-51.77961883544922,,
1830,767.04,6.869719982147217,0.00025,0.01679919,0.14395751953125,7125.867885039999,0.2,-0.01854039463214576,0.7497021555900574,0.03490231763571501,-0.27611568570137024,29982720,11037,2716,18290,-51.89011573791504,,
,,6.8868584632873535,0.00025,0.018096447,0.13018798828125,,0.2,-0.020576685853302478,0.8588343858718872,0.026265472173690796,-0.2844637930393219,30000000,,,18310,-51.92157516479492,1000.0,9847.715363526344
1840,790.28,6.952159404754639,0.00025,0.017186303,0.11614990234375,7333.311963000001,0.2,-0.018622791836969556,0.8019962310791016,0.016085200663655996,-0.28577739000320435,30146560,11030,2732,18390,-52.07410316467285,,
1850,796.48,7.041634559631348,0.00025,0.019622706,0.153839111328125,7431.77957825,0.2,-0.019217049016151577,0.8179810047149658,0.0208830451592803,-0.2842731177806854,30310400,11033,2747,18490,-52.23806629180908,,
1860,819.72,7.135041236877441,0.00025,0.018246032,0.125775146484375,7629.41687229,0.2,-0.019799754465930165,0.7856202721595764,0.0318975143134594,-0.28497788310050964,30474240,11037,2760,18590,-52.38912467956543,,
1870,772.6,7.242990016937256,0.00025,0.019421004,0.14058837890625,7165.43848795,0.2,-0.020470652059884742,0.7542060613632202,0.05077093355357647,-0.27827009558677673,30638080,11042,2774,18690,-52.58854293823242,,
1880,759.39,7.348781108856201,0.00025,0.018416267,0.13951416015625,7045.354612949999,0.2,-0.02055228635435924,0.8275959491729736,0.04016907848417759,-0.2811295986175537,30801920,11048,2788,18790,-52.82670669555664,,
1890,794.65,7.436466693878174,0.00025,0.019315291,0.143316650390625,7421.088419450001,0.2,-0.017933577485382556,0.7674356698989868,0.020189216872677208,-0.2857690453529358,30965760,11053,2801,18890,-52.980086135864255,,
1900,789.54,7.51383638381958,0.00025,0.018732548,0.147430419921875,7375.170300720001,0.2,-0.020192840369418263,0.8211233615875244,0.03211548905819654,-0.2880861163139343,31129600,11058,2815,18990,-53.16251411437988,,
1910,766.85,7.627295970916748,0.00025,0.01748652,0.132733154296875,7113.3522872899985,0.2,-0.0174386752769351,0.8264655470848083,0.019602647749707103,-0.2880514860153198,31293440,11063,2828,19090,-53.36641292572021,,
1920,699.8,7.701447486877441,0.00025,0.022436287,0.16097412109375,6502.88395893,0.2,-0.01863232154864818,0.6973141431808472,0.03713228153064847,-0.2833128273487091,31457280,11067,2842,19190,-53.544318962097165,,
1930,827.21,7.792578220367432,0.00025,0.017545585,0.1374755859375,7708.38664152,0.2,-0.01734806924359873,0.7157027721405029,0.03244514912366867,-0.2851110100746155,31621120,11072,2855,19290,-53.6980785369873,,
1940,722.53,7.893312454223633,0.00025,0.018621052,0.135552978515625,6711.356017260001,0.2,-0.020539922791067512,0.7510266900062561,0.057291793078184126,-0.28160715103149414,31784960,11077,2869,19390,-53.915321350097656,,
1950,784.62,7.983177661895752,0.00025,0.020530608,0.149493408203125,7310.999265740001,0.2,-0.020680906798224895,0.7237290740013123,0.04745978582650423,-0.2879520356655121,31948800,11081,2883,19490,-54.07582683563233,,
,,8.001452445983887,0.00025,0.019777734,0.15191650390625,,0.2,-0.018987114494666456,0.7770317792892456,0.041782163083553314,-0.28655096888542175,32000000,,,19530,-54.11694564819336,1000.0,9706.887211441994
1960,773.39,8.054910659790039,0.00025,0.021237053,0.142486572265625,7185.800091490001,0.2,-0.021069958014413713,0.787696897983551,0.040180404856801036,-0.2908951938152313,32112640,11078,2898,19590,-54.204040718078616,,
1970,719.39,8.146767616271973,0.00025,0.017693141,0.120477294921875,6632.303557440001,0.2,-0.020432502834592015,0.8098915219306946,0.03953005820512771,-0.29098275303840637,32276480,11083,2912,19690,-54.36826152801514,,
1980,763.2,8.27184009552002,0.00025,0.01714528,0.1309326171875,7081.71726252,0.2,-0.01978868602309376,0.812967836856842,0.03084889827296138,-0.29331329464912415,32440320,11087,2925,19790,-54.56110610961914,,
1990,801.45,8.389230728149414,0.00025,0.017377775,0.13560791015625,7493.9760500600005,0.2,-0.018932347220834346,0.768364429473877,0.029503118339926006,-0.2938556671142578,32604160,11092,2939,19890,-54.74791374206543,,
2000,774.14,8.48292064666748,0.00025,0.017941173,0.143341064453125,7201.8231239199995,0.2,-0.0176948145031929,0.7922317981719971,0.023109324742108583,-0.29515451192855835,32768000,11096,2952,19990,-54.903201293945315,,
2010,808.29,8.549120903015137,0.00025,0.018834326,0.1343994140625,7527.192594669999,0.2,-0.018531103210989386,0.7329372763633728,0.035045018419623375,-0.2914968430995941,32931840,11101,2966,20090,-55.03534488677978,,
2020,758.98,8.684006690979004,0.00025,0.019517273,0.16644287109375,7098.5495978399995,0.2,-0.020202654879540205,0.797511100769043,0.029995336104184388,-0.29772868752479553,33095680,11105,2980,20190,-55.17773208618164,,
2030,815.42,8.789237022399902,0.00025,0.016361993,0.14195556640625,7686.1663661,0.2,-0.017336716142017393,0.7604414224624634,0.030624134093523027,-0.29446542263031006,33259520,11110,2993,20290,-55.32593536376953,,
2040,820.92,8.912125587463379,0.00025,0.017453454,0.155413818359375,7732.553923370001,0.2,-0.01709190591936931,0.7791022062301636,0.02485734224319458,-0.2947463393211365,33423360,11114,3007,20390,-55.51035270690918,,
2050,791.8,9.046852111816406,0.00025,0.017172081,0.15679931640625,7444.43493061,0.2,-0.016705939220264553,0.738674521446228,0.024788196850568055,-0.2964806854724884,33587200,11118,3020,20490,-55.71330814361572,,
2060,781.01,9.182572364807129,0.00025,0.018099375,0.13070068359375,7295.7981964400005,0.2,-0.018281660275533795,0.7763410806655884,0.030992257222533227,-0.29991430044174194,33751040,11122,3034,20590,-55.93971977233887,,
2070,791.35,9.28339672088623,0.00025,0.018513594,0.1297607421875,7382.28109665,0.2,-0.020069585379678755,0.7912803888320923,0.03163425130769611,-0.29981738328933716,33914880,11127,3047,20690,-56.11490707397461,,
,,9.340781211853027,0.00025,0.017735416,0.1279541015625,,0.2,-0.01764910570345819,0.8011630773544312,0.018084808718413115,-0.3021823763847351,34000000,,,20750,-56.194837188720705,1000.0,9878.127054327726
2080,768.07,9.367574691772461,0.00025,0.017722216,0.1215087890625,7192.987119460001,0.2,-0.020458761556074023,0.7967908382415771,0.023368757218122482,-0.3067017197608948,34078720,11123,3063,20790,-56.25203113555908,,
2090,801.68,9.472247123718262,0.00025,0.018242959,0.13665771484375,7492.93949444,0.2,-0.020185192627832294,0.8346466422080994,0.03579489272087812,-0.30349624156951904,34242560,11127,3077,20890,-56.39298419952392,,
2100,793.07,9.615540504455566,0.00025,0.017574066,0.13043212890625,7422.588440880001,0.2,-0.018592944042757152,0.7961382865905762,0.0182003790512681,-0.30699583888053894,34406400,11132,3090,20990,-56.56695899963379,,
2110,780.36,9.761713981628418,0.00025,0.019828951,0.144189453125,7328.06468417,0.2,-0.01843031151802279,0.7902549505233765,0.029509988613426685,-0.3023991882801056,34570240,11135,3104,21090,-56.78719482421875,,
2120,816.73,9.951251029968262,0.00025,0.016812798,0.126983642578125,7669.74130916,0.2,-0.019947886047884823,0.8266259431838989,0.03125249063596129,-0.30747392773628235,34734080,11139,3118,21190,-57.039306259155275,,
2130,741.29,10.11617660522461,0.00025,0.019666439,0.14522705078125,6931.084013599999,0.2,-0.020280734810512513,0.8343362212181091,0.029896514676511287,-0.30726197361946106,34897920,11143,3131,21290,-57.221623229980466,,
2140,822.41,10.253107070922852,0.00025,0.019613236,0.143011474609375,7724.85423037,0.2,-0.019794374983757735,0.7586427927017212,0.02620190931484103,-0.30916786193847656,35061760,11148,3144,21390,-57.40271625518799,,
2150,805.37,10.452811241149902,0.00025,0.018079672,0.138555908203125,7579.513580289999,0.2,-0.019723549322225153,0.7714806199073792,0.04030554536730051,-0.30486977100372314,35225600,11152,3158,21490,-57.59529190063476,,
2160,765.04,10.591184616088867,0.00025,0.018786127,0.13062744140625,7157.40674564,0.2,-0.021027064172085375,0.7490108609199524,0.0474433071911335,-0.30773934721946716,35389440,11157,3171,21590,-57.78461685180664,,
2170,814.0,10.736902236938477,0.00025,0.017356735,0.12420654296875,7650.355760689999,0.2,-0.017904847708996384,0.8259965777397156,0.014088753052055836,-0.3151285648345947,35553280,11160,3185,21690,-57.90372447967529,,
2180,840.88,10.935144424438477,0.00025,0.015848694,0.12489013671875,7914.808240459998,0.2,-0.01832192122237757,0.8130167126655579,0.02381836837157607,-0.3133189380168915,35717120,11164,3199,21790,-58.12878704071045,,
2190,836.12,11.036638259887695,0.00025,0.014920163,0.113128662109375,7860.857099809999,0.2,-0.017194631026359274,0.7804599404335022,0.021961728855967522,-0.31163132190704346,35880960,11168,3212,21890,-58.26093463897705,,
,,11.163504600524902,0.00025,0.018826723,0.135394287109375,,0.2,-0.018882229889277367,0.7663008570671082,0.03560866881161928,-0.30887579917907715,36000000,,,21970,-58.40371971130371,1000.0,9669.484788283147
2200,817.92,11.182160377502441,0.00025,0.01845942,0.135369873046875,7712.14507584,0.2,-0.018517190346028656,0.6605701446533203,0.019641759945079683,-0.31535300612449646,36044800,11165,3228,21990,-58.42899913787842,,
2210,841.63,11.314507484436035,0.00025,0.016667672,0.120654296875,7940.1149808599985,0.2,-0.017076127254404126,0.8055535554885864,0.01674155448563397,-0.31604358553886414,36208640,11168,3241,22090,-58.613516616821286,,
2220,856.71,11.479413032531738,0.00025,0.017082274,0.1277587890625,8060.752529269999,0.2,-0.019345516769681124,0.8037365078926086,0.031699206214398146,-0.3147211968898773,36372480,11172,3255,22190,-58.792543983459474,,
2230,757.18,11.618462562561035,0.00025,0.01980449,0.144964599609375,7068.419298909999,0.2,-0.01913507381104864,0.7587679624557495,0.032053014077246186,-0.31448572874069214,36536320,11176,3268,22290,-58.957330322265626,,
2240,759.48,11.797000885009766,0.00025,0.018673655,0.130181884765625,7101.068013010001,0.2,-0.01963695154991001,0.8234440088272095,0.031001206208020448,-0.31618353724479675,36700160,11180,3282,22390,-59.14663829803467,,
2250,815.2,11.944089889526367,0.00025,0.017369332,0.120379638671875,7654.759370050001,0.2,-0.01680466808611527,0.8453994989395142,0.016411537211388348,-0.3166090250015259,36864000,11183,3296,22490,-59.28558216094971,,
2260,809.45,12.128806114196777,0.00025,0.01865357,0.154925537109375,7594.96180318,0.2,-0.019158531515859067,0.8155748844146729,0.027753667999058963,-0.3197389543056488,37027840,11187,3309,22590,-59.48718318939209,,
2270,748.72,12.299249649047852,0.00025,0.017289534,0.114044189453125,7005.376486919999,0.2,-0.01915639229118824,0.7869985103607178,0.025579756125807762,-0.3215535879135132,37191680,11190,3323,22690,-59.643798637390134,,
2280,811.61,12.483515739440918,0.00025,0.01561044,0.120068359375,7631.59231,0.2,-0.018037577997893094,0.8952064514160156,0.00903795266058296,-0.3272634744644165,37355520,11194,3336,22790,-59.803605461120604,,
2290,784.19,12.641911506652832,0.00025,0.019097153,0.13682861328125,7353.85095066,0.2,-0.019072525994852187,0.7584212422370911,0.04358437489718199,-0.31498539447784424,37519360,11198,3350,22890,-59.94238681793213,,
2300,787.67,12.801894187927246,0.00025,0.017272143,0.137152099609375,7389.528619560001,0.2,-0.01796929065603763,0.7310243248939514,0.03598969429731369,-0.3172115683555603,37683200,11201,3363,22990,-60.09688262939453,,
2310,805.49,13.034058570861816,0.00025,0.016737998,0.125689697265625,7577.74931211,0.2,-0.016835149482358248,0.8280321955680847,0.020120040373876692,-0.3200474679470062,37847040,11205,3377,23090,-60.287369346618654,,
,,13.23990535736084,0.00025,0.019443816,0.1474853515625,,0.2,-0.01910578317474574,0.8029345273971558,0.026359957456588746,-0.32556620240211487,38000000,,,23190,-60.44084987640381,1000.0,9929.14820305109
2320,789.84,,,,,7424.322172879998,,,,,,38010880,11201,3393,,,,
2330,845.83,13.390385627746582,0.00025,0.018137049,0.131646728515625,8020.88086975,0.2,-0.018481747270561753,0.7268041372299194,0.0364542524330318,-0.31958702206611633,38174720,11204,3406,23290,-60.579146194458005,,
2340,844.27,13.593045234680176,0.00025,0.019181285,0.13468017578125,7980.794751710001,0.2,-0.02021404290571809,0.7918772101402283,0.02719929413869977,-0.3263658881187439,38338560,11208,3420,23390,-60.77230434417724,,
2350,763.72,13.76711654663086,0.00025,0.01862391,0.143212890625,7163.984555130001,0.2,-0.01955138782504946,0.8203318119049072,0.027950033918023108,-0.32691749930381775,38502400,11211,3434,23490,-60.99434642791748,,
2360,795.4,14.063435554504395,0.00025,0.017379353,0.13634033203125,7506.447985999998,0.2,-0.017936847172677517,0.8465641140937805,0.023399619106203317,-0.3263836205005646,38666240,11214,3447,23590,-61.208957290649415,,
2370,788.71,14.287715911865234,0.00025,0.017154943,0.12978515625,7443.88857265,0.2,-0.019601496553514154,0.7859203219413757,0.03948355903849006,-0.3237876296043396,38830080,11218,3461,23690,-61.41947364807129,,
2380,724.6,14.481980323791504,0.00025,0.018467577,0.132794189453125,6805.2345727,0.2,-0.0191478030057624,0.8335475921630859,0.032547559961676596,-0.3268716633319855,38993920,11222,3474,23790,-61.601365852355954,,
2390,763.74,14.702154159545898,0.00025,0.021347445,0.150311279296875,7155.9664573,0.2,-0.020936672808602452,0.7742820978164673,0.03897148109972477,-0.3264687955379486,39157760,11225,3488,23890,-61.73881645202637,,
2400,718.84,14.905169486999512,0.00025,0.019329097,0.126593017578125,6704.687546339999,0.2,-0.020522373961284757,0.845561683177948,0.039852394443005326,-0.32660388946533203,39321600,11228,3502,23990,-61.914716720581055,,
2410,743.55,15.082655906677246,0.00025,0.018598545,0.122979736328125,6943.820746470001,0.2,-0.020183319633360952,0.8023813962936401,0.04026726800948381,-0.32876265048980713,39485440,11231,3515,24090,-62.0996114730835,,
2420,751.99,15.29094409942627,0.00025,0.017483862,0.115570068359375,7033.16444149,0.2,-0.019993003201670946,0.779647946357727,0.02612345265224576,-0.33461156487464905,39649280,11235,3529,24190,-62.25235786437988,,
2430,858.28,15.505839347839355,0.00025,0.017379887,0.138238525390625,8093.60524656,0.2,-0.019116030936129392,0.8167333602905273,0.02094736313447356,-0.33534449338912964,39813120,11238,3542,24290,-62.44007396697998,,
2440,835.75,15.717911720275879,0.00025,0.017411072,0.12137451171875,7869.8025793100005,0.2,-0.01761048524058424,0.7246258854866028,0.026975594460964203,-0.33117005228996277,39976960,11241,3556,24390,-62.62817153930664,,
,,15.755701065063477,0.00025,0.018512186,0.133624267578125,,0.2,-0.01736539980629459,0.7801541090011597,0.019813505187630653,-0.333417147397995,40000000,,,24410,-62.67280807495117,1000.0,9807.326168451085
2450,802.84,15.890059471130371,0.00025,0.017043687,0.126715087890625,7541.766081060001,0.2,-0.018117690563667566,0.7881356477737427,0.017944505903869867,-0.33715030550956726,40140800,11237,3571,24490,-62.785936164855954,,
2460,761.36,16.124576568603516,0.00025,0.015620267,0.122760009765625,7146.436833820001,0.2,-0.018708263197913765,0.8186838626861572,0.018311871867626905,-0.3402468264102936,40304640,11240,3585,24590,-62.982445335388185,,
2470,817.29,16.25630760192871,0.00025,0.021362193,0.138055419921875,7706.66686586,0.2,-0.01909347389591858,0.7369973659515381,0.03236762620508671,-0.33566486835479736,40468480,11240,3600,24690,-63.087185859680176,,
2480,744.04,16.498254776000977,0.00025,0.017802157,0.12618408203125,6987.8487840200005,0.2,-0.020615609327796845,0.8398398756980896,0.04200873859226704,-0.33235964179039,40632320,11240,3614,24790,-63.266370964050296,,
2490,769.5,16.69780158996582,0.00025,0.019133236,0.14166259765625,7225.425694720001,0.2,-0.018178287090267985,0.8002018332481384,0.028443339560180903,-0.3362574279308319,40796160,11240,3629,24890,-63.485962867736816,,
2500,817.26,16.953750610351562,0.00025,0.018290102,0.126739501953125,7681.22044239,0.2,-0.018610497890040278,0.7640292644500732,0.027302777860313654,-0.3393561542034149,40960000,11240,3644,24990,-63.6549186706543,,
2510,794.23,17.171485900878906,0.00025,0.014087695,0.11390380859375,7470.258694730001,0.2,-0.01803907349240035,0.8678790330886841,0.011924410425126552,-0.34264177083969116,41123840,11240,3658,25090,-63.79403018951416,,
2520,811.04,17.413476943969727,0.00025,0.017104395,0.14322509765625,7683.098007139998,0.2,-0.016665649134665728,0.700771152973175,0.023560497723519803,-0.3373597264289856,41287680,11241,3672,25190,-63.9733024597168,,
2530,736.82,17.63666534423828,0.00025,0.018029056,0.121234130859375,6969.153312840001,0.2,-0.02067793025635183,0.8104411959648132,0.04622203130275011,-0.3402802050113678,41451520,11242,3687,25290,-64.16441917419434,,
2540,774.62,17.881929397583008,0.00025,0.017358836,0.12025146484375,7316.261894849999,0.2,-0.01982973318663426,0.798625111579895,0.035306673217564824,-0.34176164865493774,41615360,11241,3701,25390,-64.31187553405762,,
2550,762.13,18.081098556518555,0.00025,0.01603477,0.1145751953125,7205.569062710001,0.2,-0.01789020252181217,0.778169572353363,0.031059095170348883,-0.3411191999912262,41779200,11241,3716,25490,-64.4281436920166,,
2560,770.92,18.347610473632812,0.00025,0.01501119,0.114593505859375,7315.479769809999,0.2,-0.018520269473083318,0.8470715284347534,0.024255862273275853,-0.3439472019672394,41943040,11241,3731,25590,-64.58864517211914,,
,,18.48987579345703,0.00025,0.018377095,0.123046875,,0.2,-0.01955966481473297,0.8259796500205994,0.019789426773786544,-0.34839773178100586,42000000,,,25630,-64.66008987426758,1000.0,9991.165618002415
2570,804.16,18.698400497436523,0.00025,0.015791532,0.1062744140625,7604.3483155,0.2,-0.017168454965576528,0.828951895236969,0.025117106083780528,-0.34331178665161133,42106880,11234,3747,25690,-64.78380165100097,,
2580,790.63,18.90869903564453,0.00025,0.017348774,0.115106201171875,7501.775500309999,0.2,-0.018869898398406804,0.8360810279846191,0.017798707308247685,-0.3486756980419159,42270720,11235,3762,25790,-64.95181922912597,,
2590,802.39,19.199663162231445,0.00025,0.019502841,0.1336181640625,7662.114362130001,0.2,-0.01941520047839731,0.8048040270805359,0.030586742144078017,-0.3462987244129181,42434560,11234,3777,25890,-65.20368766784668,,
2600,711.54,19.4842529296875,0.00025,0.019142207,0.12557373046875,6716.299346999998,0.2,-0.020377798192203044,0.7760599851608276,0.035263323690742254,-0.34684866666793823,42598400,11232,3792,25990,-65.38357620239258,,
2610,735.76,19.742341995239258,0.00025,0.02023385,0.136639404296875,6941.213059830001,0.2,-0.01861417794134468,0.728363037109375,0.03772983588278293,-0.344287246465683,42762240,11231,3807,26090,-65.55038642883301,,
2620,807.02,19.994718551635742,0.00025,0.016164856,0.1119384765625,7603.04531714,0.2,-0.017502605472691356,0.7616262435913086,0.036957579664886,-0.34349775314331055,42926080,11230,3822,26190,-65.69638748168946,,
2630,725.29,20.15837287902832,0.00025,0.017275516,0.136517333984375,6815.474664540001,0.2,-0.01825110943755135,0.6848512291908264,0.04858754258602858,-0.3405629098415375,43089920,11230,3836,26290,-65.81118240356446,,
2640,752.5,20.49370574951172,0.00025,0.018223505,0.1278564453125,7065.60340201,0.2,-0.018830045429058372,0.7824869155883789,0.02681572427973151,-0.35207852721214294,43253760,11228,3852,26390,-66.01188240051269,,
2650,824.06,20.880945205688477,0.00025,0.020108525,0.119940185546875,7729.03221252,0.2,-0.019950710400007666,0.8009937405586243,0.0318868494592607,-0.35121041536331177,43417600,11229,3866,26490,-66.19312210083008,,
2660,782.06,21.170312881469727,0.00025,0.018252699,0.135498046875,7390.2091002,0.2,-0.019556649937294425,0.7924338579177856,0.02548756040632725,-0.3549484312534332,43581440,11229,3880,26590,-66.36088218688965,,
2670,784.76,21.426103591918945,0.00025,0.016481701,0.123565673828125,7411.62559663,0.2,-0.01804591934196651,0.826360821723938,0.016290771355852485,-0.355701208114624,43745280,11229,3895,26690,-66.52833251953125,,
2680,767.36,21.694547653198242,0.00025,0.015032034,0.10748291015625,7236.6269248,0.2,-0.01723924345569685,0.788735568523407,0.021806349884718655,-0.3533782660961151,43909120,11229,3910,26790,-66.67960624694824,,
,,21.96287727355957,0.00025,0.01601132,0.115972900390625,,0.2,-0.018987206125166266,0.817568838596344,0.03640325339511037,-0.352780818939209,44000000,,,26850,-66.81087303161621,1000.0,9963.327354949713
2690,707.71,22.10738182067871,0.00025,0.015354508,0.114404296875,6641.052761699999,0.2,-0.019009611778892578,0.7827854156494141,0.038375914096832275,-0.3519909679889679,44072960,11221,3927,26890,-66.88641624450683,,
2700,744.77,22.438480377197266,0.00025,0.01991273,0.128546142578125,7003.2540969,0.2,-0.019934923422988506,0.7872101664543152,0.03853609431535006,-0.35370782017707825,44236800,11221,3942,26990,-67.06576232910156,,
2710,729.4,22.819629669189453,0.00025,0.017165665,0.1281982421875,6844.8333661100005,0.2,-0.01820911958348006,0.6845692992210388,0.05141316838562489,-0.34688514471054077,44400640,11220,3957,27090,-67.22691192626954,,
2720,724.06,23.056392669677734,0.00025,0.016906383,0.130255126953125,6832.19860026,0.2,-0.017782133328728376,0.8273789882659912,0.030127092730253935,-0.3543257415294647,44564480,11218,3972,27190,-67.37932624816895,,
2730,799.33,23.344375610351562,0.00025,0.01720598,0.1350830078125,7587.03778981,0.2,-0.01825798087520525,0.8074536323547363,0.01803962714038789,-0.36075565218925476,44728320,11217,3987,27290,-67.4618293762207,,
2740,789.98,23.623376846313477,0.00025,0.017929042,0.120867919921875,7500.067438039999,0.2,-0.01758420921396464,0.861067533493042,0.019690651213750243,-0.3582444489002228,44892160,11217,4002,27390,-67.58199348449708,,
2750,782.48,23.917089462280273,0.00025,0.01631224,0.117034912109375,7431.57253793,0.2,-0.016973725473508238,0.7858877182006836,0.02729094186797738,-0.35586220026016235,45056000,11217,4016,27490,-67.75817565917968,,
2760,785.59,24.23478889465332,0.00025,0.016084589,0.12193603515625,7442.988854040002,0.2,-0.017198048008140177,0.8314255475997925,0.021809288393706085,-0.3589417040348053,45219840,11217,4031,27590,-67.91901016235352,,
2770,801.62,24.59600830078125,0.00025,0.016191395,0.10679931640625,7586.327843940001,0.2,-0.019072477938607335,0.7614955306053162,0.03125134091824293,-0.3602842092514038,45383680,11217,4045,27690,-68.09727630615234,,
2780,834.03,24.99922752380371,0.00025,0.01711865,0.138348388671875,7900.25784149,0.2,-0.017818062496371568,0.7800287008285522,0.02383835455402732,-0.3615973889827728,45547520,11216,4060,27790,-68.27486076354981,,
2790,796.04,25.4720516204834,0.00025,0.016747484,0.119830322265625,7538.144674280001,0.2,-0.01667784040328115,0.7535982131958008,0.027889078203588723,-0.36114829778671265,45711360,11216,4075,27890,-68.49357643127442,,
2800,805.39,25.78868293762207,0.00025,0.015231156,0.132086181640625,7615.32777755,0.2,-0.017298306897282602,0.8107126951217651,0.02495757220312953,-0.36268851161003113,45875200,11216,4089,27990,-68.66937065124512,,
,,26.000141143798828,0.00025,0.01713154,0.107806396484375,,0.2,-0.01915308863390237,0.7313958406448364,0.03922221893444657,-0.36015063524246216,46000000,,,28070,-68.83486404418946,1000.0,9855.002233284711
2810,761.38,26.074663162231445,0.00025,0.016975852,0.123870849609375,7181.59117679,0.2,-0.018983956275042145,0.7371259927749634,0.03144006747752428,-0.3645326793193817,46039040,11211,4106,28090,-68.85009307861328,,
2820,704.97,26.47698974609375,0.00025,0.017433558,0.134832763671875,6615.61530002,0.2,-0.01855539798270911,0.7369086742401123,0.03819465786218643,-0.35990381240844727,46202880,11212,4120,28190,-69.00302581787109,,
2830,819.49,26.74589729309082,0.00025,0.018516742,0.13817138671875,7713.342385230001,0.2,-0.01781301621813327,0.738897979259491,0.028512983210384847,-0.36290398240089417,46366720,11211,4135,28290,-69.13068313598633,,
2840,840.4,27.184099197387695,0.00025,0.01726162,0.116790771484375,7932.042282029999,0.2,-0.018054066214244813,0.7758320569992065,0.029985507670789956,-0.36252278089523315,46530560,11210,4150,28390,-69.29467239379883,,
2850,698.61,27.498796463012695,0.00025,0.014947355,0.102685546875,6526.680314149999,0.2,-0.01879404511419125,0.819820761680603,0.029578916262835264,-0.3661782741546631,46694400,11210,4165,28490,-69.43264617919922,,
2860,768.91,27.906082153320312,0.00025,0.016392902,0.110107421875,7250.6573022799985,0.2,-0.01917483299039304,0.8443254232406616,0.027199000772088765,-0.369620680809021,46858240,11209,4180,28590,-69.58081169128418,,
2870,788.07,28.281957626342773,0.00025,0.015917316,0.12867431640625,7426.463790300002,0.2,-0.017710063187405468,0.8257369995117188,0.028475561924278737,-0.3662790358066559,47022080,11209,4195,28690,-69.7234561920166,,
2880,749.19,28.70897674560547,0.00025,0.016835261,0.118524169921875,7050.97767719,0.2,-0.016423842287622392,0.7352069616317749,0.03689744006842375,-0.3629190921783447,47185920,11209,4209,28790,-69.8654067993164,,
2890,757.0,29.051332473754883,0.00025,0.01819481,0.129229736328125,7102.96713898,0.2,-0.01867449078708887,0.7735913395881653,0.036074349842965606,-0.3676893711090088,47349760,11209,4223,28890,-70.04690933227539,,
2900,768.67,29.44515037536621,0.00025,0.01613404,0.1182861328125,7197.91711194,0.2,-0.01951842256821692,0.8613725900650024,0.02545930156484246,-0.3731536865234375,47513600,11208,4238,28990,-70.21526870727538,,
2910,807.31,30.013771057128906,0.00025,0.016480872,0.1171630859375,7584.595430859999,0.2,-0.017612750257831065,0.8227012753486633,0.023609325196594,-0.3725416958332062,47677440,11207,4254,29090,-70.42059326171875,,
2920,785.88,30.407690048217773,0.00025,0.01716728,0.13035888671875,7395.87739066,0.2,-0.019077511294744907,0.7988001704216003,0.033059144578874114,-0.3726167380809784,47841280,11204,4269,29190,-70.6436092376709,,
,,30.709630966186523,0.00025,0.017680665,0.11165771484375,,0.2,-0.019484916282817722,0.8316792249679565,0.03251790264621377,-0.3736442029476166,48000000,,,29290,-70.78798179626465,1000.0,9830.345700716973
2930,737.87,,,,,6913.589019989999,,,,,,48005120,11196,4287,,,,
2940,785.44,31.137523651123047,0.00025,0.014906023,0.113885498046875,7372.875605,0.2,-0.017570521321613342,0.8145623803138733,0.027515325974673033,-0.3741467297077179,48168960,11195,4302,29390,-70.95315895080566,,
2950,722.38,31.61255645751953,0.00025,0.017955877,0.124676513671875,6775.004376679999,0.2,-0.019386754953302443,0.8213897943496704,0.037500156182795764,-0.3719549775123596,48332800,11196,4316,29490,-71.10081367492675,,
2960,840.51,32.01993942260742,0.00025,0.015798712,0.10533447265625,7972.720224690001,0.2,-0.017847323231399058,0.765646755695343,0.022553724702447653,-0.3770220875740051,48496640,11195,4331,29590,-71.2380298614502,,
2970,763.77,32.53425216674805,0.00025,0.016221963,0.1138671875,7190.83357087,0.2,-0.018144798668799922,0.7989457845687866,0.031985882017761466,-0.37433934211730957,48660480,11195,4346,29690,-71.44180450439453,,
2980,772.0,32.82770919799805,0.00025,0.015371164,0.114453125,7293.76035751,0.2,-0.019189287477638574,0.8672701120376587,0.02235978180542588,-0.3800634741783142,48824320,11195,4361,29790,-71.52516098022461,,
2990,803.83,33.290138244628906,0.00025,0.015576775,0.11669921875,7644.197623759999,0.2,-0.016795724630355835,0.7949610352516174,0.02527210582047701,-0.3770166039466858,48988160,11195,4375,29890,-71.67740097045899,,
3000,780.82,33.7010383605957,0.00025,0.016317632,0.112371826171875,7389.627536579999,0.2,-0.017179471399867908,0.7770864367485046,0.03181392457336187,-0.3749697804450989,49152000,11195,4390,29990,-71.81049919128418,,
3010,815.79,34.170860290527344,0.00025,0.016278086,0.1275390625,7728.424898460001,0.2,-0.01742479361128062,0.7714654207229614,0.03480354519560933,-0.37538743019104004,49315840,11194,4405,30090,-71.94862937927246,,
3020,803.23,34.576229095458984,0.00025,0.016760075,0.11268310546875,7628.0225472600005,0.2,-0.019101058528758586,0.7777122855186462,0.039282087609171866,-0.37645137310028076,49479680,11193,4420,30190,-72.07599411010742,,
3030,844.68,35.05035400390625,0.00025,0.01758083,0.125177001953125,8017.850622689999,0.2,-0.016986890905536713,0.7961939573287964,0.01512295175343752,-0.38316285610198975,49643520,11193,4434,30290,-72.20990905761718,,
3040,730.51,35.733219146728516,0.00025,0.016939988,0.11651611328125,6890.405108349998,0.2,-0.01907024080865085,0.815374493598938,0.03231399320065975,-0.38280174136161804,49807360,11192,4450,30390,-72.45645256042481,,
3050,808.49,36.21488952636719,0.00025,0.01591237,0.11116943359375,7642.27628363,0.2,-0.018532248213887215,0.7249464988708496,0.03815667014569044,-0.37772858142852783,49971200,11190,4465,30490,-72.61041107177735,,
,,36.34595489501953,0.00025,0.015497144,0.10552978515625,,0.2,-0.016590430290671067,0.7702819108963013,0.038903812505304815,-0.3767480254173279,50000000,,,30510,-72.65522384643555,512.6,4734.357982337475
