arm,seed,checkpoint_step,episodes,success_rate,mean_reward,std_reward,mean_length,mean_max_step_reached,mean_final_x,model_path,vecnorm_path
s2_base,42,28750000,100,97.0,15693.081273735761,2249.8375769063696,957.64,7.86,12.493285149472198,outputs_best/2025-12-06/17-36-50/checkpoints/model_28750000.zip,outputs_best/2025-12-06/17-36-50/checkpoints/vecnormalize_28750000.pkl
s2_base,43,30000000,100,86.0,15356.64879954338,1780.9957438853742,973.36,7.69,8.128121032165541,outputs_camera_ready/s2_base/seed_43/checkpoints/model_30000000.zip,outputs_camera_ready/s2_base/seed_43/checkpoints/vecnormalize_30000000.pkl
s2_base,44,30000000,100,0.0,14516.840806516708,2403.213297629847,967.56,1.96,2.8229499792696187,outputs_camera_ready/s2_base/seed_44/checkpoints/model_30000000.zip,outputs_camera_ready/s2_base/seed_44/checkpoints/vecnormalize_30000000.pkl
s2_base,45,19500000,100,1.0,13766.952210705429,1865.4998028588311,910.2,2.19,3.442100412073364,outputs_camera_ready/s2_base/seed_45/checkpoints/model_19500000.zip,outputs_camera_ready/s2_base/seed_45/checkpoints/vecnormalize_19500000.pkl
s2_base,46,29000000,100,30.0,14805.576679544449,2513.019876065596,947.93,6.76,7.064816584603454,outputs_camera_ready/s2_base/seed_46/checkpoints/model_29000000.zip,outputs_camera_ready/s2_base/seed_46/checkpoints/vecnormalize_29000000.pkl
s2_world_frame_termination,42,21750000,100,57.0,12970.795067349263,2755.667689088232,826.1,6.92,7.019549640095035,outputs_camera_ready/s2_world_frame_termination/seed_42/checkpoints/model_21750000.zip,outputs_camera_ready/s2_world_frame_termination/seed_42/checkpoints/vecnormalize_21750000.pkl
s2_world_frame_termination,43,7500000,100,0.0,9721.16217107825,2103.1346604757996,642.04,2.01,2.872182592283173,outputs_camera_ready/s2_world_frame_termination/seed_43/checkpoints/model_7500000.zip,outputs_camera_ready/s2_world_frame_termination/seed_43/checkpoints/vecnormalize_7500000.pkl
s2_world_frame_termination,44,27000000,100,99.0,13253.237646307853,823.4140962718599,835.53,7.98,7.720712515024453,outputs_camera_ready/s2_world_frame_termination/seed_44/checkpoints/model_27000000.zip,outputs_camera_ready/s2_world_frame_termination/seed_44/checkpoints/vecnormalize_27000000.pkl
s2_world_frame_termination,45,23000000,100,38.0,14262.60951553926,1987.822022634382,911.15,6.92,7.092854594306781,outputs_camera_ready/s2_world_frame_termination/seed_45/checkpoints/model_23000000.zip,outputs_camera_ready/s2_world_frame_termination/seed_45/checkpoints/vecnormalize_23000000.pkl
s2_world_frame_termination,46,29250000,100,62.0,13753.266005762964,2722.3988361699194,871.12,7.06,7.585140501205868,outputs_camera_ready/s2_world_frame_termination/seed_46/checkpoints/model_29250000.zip,outputs_camera_ready/s2_world_frame_termination/seed_46/checkpoints/vecnormalize_29250000.pkl
s2_no_shaping,42,27000000,100,92.0,14853.08863934679,3323.7250164205843,945.42,7.54,8.327922017894299,outputs_camera_ready/s2_no_shaping/seed_42/checkpoints/model_27000000.zip,outputs_camera_ready/s2_no_shaping/seed_42/checkpoints/vecnormalize_27000000.pkl
s2_no_shaping,43,30000000,100,96.0,15683.430628829003,2856.899501048017,964.31,7.68,12.277495153997785,outputs_camera_ready/s2_no_shaping/seed_43/checkpoints/model_30000000.zip,outputs_camera_ready/s2_no_shaping/seed_43/checkpoints/vecnormalize_30000000.pkl
s2_no_shaping,44,29750000,100,79.0,14333.895439353586,2856.8681566082564,913.16,7.41,8.23484881682362,outputs_camera_ready/s2_no_shaping/seed_44/checkpoints/model_29750000.zip,outputs_camera_ready/s2_no_shaping/seed_44/checkpoints/vecnormalize_29750000.pkl
s2_no_shaping,45,30000000,100,87.0,15422.990570432767,1406.0406713492746,988.03,7.79,8.028341721725226,outputs_camera_ready/s2_no_shaping/seed_45/checkpoints/model_30000000.zip,outputs_camera_ready/s2_no_shaping/seed_45/checkpoints/vecnormalize_30000000.pkl
s2_no_shaping,46,29000000,100,79.0,13766.63043046251,3871.693103200254,864.67,7.21,8.763486607293816,outputs_camera_ready/s2_no_shaping/seed_46/checkpoints/model_29000000.zip,outputs_camera_ready/s2_no_shaping/seed_46/checkpoints/vecnormalize_29000000.pkl
