arm,seed,checkpoint_step,selection_stage,selection_success_rate,selection_mean_reward,model_path,vecnorm_path,final_success_rate,final_mean_reward,final_std_reward,final_mean_length,final_mean_max_step_reached,final_mean_final_x
s2_base,42,28750000,refine,100.0,16042.02061971426,outputs_best/2025-12-06/17-36-50/checkpoints/model_28750000.zip,outputs_best/2025-12-06/17-36-50/checkpoints/vecnormalize_28750000.pkl,97.0,15693.081273735761,2249.8375769063696,957.64,7.86,12.493285149472198
s2_base,43,30000000,refine,85.0,15255.877399802208,outputs_camera_ready/s2_base/seed_43/checkpoints/model_30000000.zip,outputs_camera_ready/s2_base/seed_43/checkpoints/vecnormalize_30000000.pkl,86.0,15356.64879954338,1780.9957438853742,973.36,7.69,8.128121032165541
s2_base,44,30000000,refine,0.0,14523.570665080846,outputs_camera_ready/s2_base/seed_44/checkpoints/model_30000000.zip,outputs_camera_ready/s2_base/seed_44/checkpoints/vecnormalize_30000000.pkl,0.0,14516.840806516708,2403.213297629847,967.56,1.96,2.8229499792696187
s2_base,45,19500000,refine,5.0,13825.180964016914,outputs_camera_ready/s2_base/seed_45/checkpoints/model_19500000.zip,outputs_camera_ready/s2_base/seed_45/checkpoints/vecnormalize_19500000.pkl,1.0,13766.952210705429,1865.4998028588311,910.2,2.19,3.442100412073364
s2_base,46,29000000,refine,30.0,14710.92738057375,outputs_camera_ready/s2_base/seed_46/checkpoints/model_29000000.zip,outputs_camera_ready/s2_base/seed_46/checkpoints/vecnormalize_29000000.pkl,30.0,14805.576679544449,2513.019876065596,947.93,6.76,7.064816584603454
s2_world_frame_termination,42,21750000,refine,80.0,13597.992600242422,outputs_camera_ready/s2_world_frame_termination/seed_42/checkpoints/model_21750000.zip,outputs_camera_ready/s2_world_frame_termination/seed_42/checkpoints/vecnormalize_21750000.pkl,57.0,12970.795067349263,2755.667689088232,826.1,6.92,7.019549640095035
s2_world_frame_termination,43,7500000,refine,0.0,9397.367180810495,outputs_camera_ready/s2_world_frame_termination/seed_43/checkpoints/model_7500000.zip,outputs_camera_ready/s2_world_frame_termination/seed_43/checkpoints/vecnormalize_7500000.pkl,0.0,9721.16217107825,2103.1346604757996,642.04,2.01,2.872182592283173
s2_world_frame_termination,44,27000000,refine,100.0,13080.814335633442,outputs_camera_ready/s2_world_frame_termination/seed_44/checkpoints/model_27000000.zip,outputs_camera_ready/s2_world_frame_termination/seed_44/checkpoints/vecnormalize_27000000.pkl,99.0,13253.237646307853,823.4140962718599,835.53,7.98,7.720712515024453
s2_world_frame_termination,45,23000000,refine,50.0,14486.126724771782,outputs_camera_ready/s2_world_frame_termination/seed_45/checkpoints/model_23000000.zip,outputs_camera_ready/s2_world_frame_termination/seed_45/checkpoints/vecnormalize_23000000.pkl,38.0,14262.60951553926,1987.822022634382,911.15,6.92,7.092854594306781
s2_world_frame_termination,46,29250000,refine,70.0,14612.11434431374,outputs_camera_ready/s2_world_frame_termination/seed_46/checkpoints/model_29250000.zip,outputs_camera_ready/s2_world_frame_termination/seed_46/checkpoints/vecnormalize_29250000.pkl,62.0,13753.266005762964,2722.3988361699194,871.12,7.06,7.585140501205868
s2_no_shaping,42,27000000,refine,100.0,15691.8503682971,outputs_camera_ready/s2_no_shaping/seed_42/checkpoints/model_27000000.zip,outputs_camera_ready/s2_no_shaping/seed_42/checkpoints/vecnormalize_27000000.pkl,92.0,14853.08863934679,3323.7250164205843,945.42,7.54,8.327922017894299
s2_no_shaping,43,30000000,refine,100.0,16275.151768302918,outputs_camera_ready/s2_no_shaping/seed_43/checkpoints/model_30000000.zip,outputs_camera_ready/s2_no_shaping/seed_43/checkpoints/vecnormalize_30000000.pkl,96.0,15683.430628829003,2856.899501048017,964.31,7.68,12.277495153997785
s2_no_shaping,44,29750000,refine,90.0,14795.450618056953,outputs_camera_ready/s2_no_shaping/seed_44/checkpoints/model_29750000.zip,outputs_camera_ready/s2_no_shaping/seed_44/checkpoints/vecnormalize_29750000.pkl,79.0,14333.895439353586,2856.8681566082564,913.16,7.41,8.23484881682362
s2_no_shaping,45,30000000,refine,90.0,15523.24680160284,outputs_camera_ready/s2_no_shaping/seed_45/checkpoints/model_30000000.zip,outputs_camera_ready/s2_no_shaping/seed_45/checkpoints/vecnormalize_30000000.pkl,87.0,15422.990570432767,1406.0406713492746,988.03,7.79,8.028341721725226
s2_no_shaping,46,29000000,refine,90.0,14873.213220591842,outputs_camera_ready/s2_no_shaping/seed_46/checkpoints/model_29000000.zip,outputs_camera_ready/s2_no_shaping/seed_46/checkpoints/vecnormalize_29000000.pkl,79.0,13766.63043046251,3871.693103200254,864.67,7.21,8.763486607293816
